two_theta_deg,intensity_counts
2.000000e+001,4.200000e+001
2.002000e+001,3.500000e+001
2.004000e+001,3.600000e+001
2.006000e+001,3.200000e+001
2.008000e+001,3.300000e+001
2.010000e+001,3.700000e+001
2.012000e+001,2.700000e+001
2.014000e+001,4.200000e+001
2.016000e+001,3.200000e+001
2.018000e+001,3.200000e+001
2.020000e+001,3.700000e+001
2.022000e+001,3.500000e+001
2.024000e+001,2.900000e+001
2.026000e+001,3.200000e+001
2.028000e+001,2.600000e+001
2.030000e+001,3.400000e+001
2.032000e+001,4.200000e+001
2.034000e+001,4.200000e+001
2.036000e+001,3.900000e+001
2.038000e+001,3.000000e+001
2.040000e+001,4.200000e+001
2.042000e+001,4.000000e+001
2.044000e+001,3.100000e+001
2.046000e+001,2.400000e+001
2.048000e+001,4.200000e+001
2.050000e+001,2.900000e+001
2.052000e+001,3.000000e+001
2.054000e+001,4.600000e+001
2.056000e+001,2.800000e+001
2.058000e+001,3.200000e+001
2.060000e+001,3.800000e+001
2.062000e+001,4.700000e+001
2.064000e+001,3.700000e+001
2.066000e+001,3.700000e+001
2.068000e+001,3.600000e+001
2.070000e+001,3.200000e+001
2.072000e+001,4.000000e+001
2.074000e+001,3.800000e+001
2.076000e+001,3.700000e+001
2.078000e+001,3.400000e+001
2.080000e+001,3.100000e+001
2.082000e+001,3.600000e+001
2.084000e+001,3.600000e+001
2.086000e+001,2.800000e+001
2.088000e+001,3.900000e+001
2.090000e+001,3.700000e+001
2.092000e+001,4.100000e+001
2.094000e+001,3.500000e+001
2.096000e+001,2.600000e+001
2.098000e+001,2.800000e+001
2.100000e+001,4.100000e+001
2.102000e+001,4.200000e+001
2.104000e+001,3.900000e+001
2.106000e+001,3.200000e+001
2.108000e+001,3.100000e+001
2.110000e+001,4.000000e+001
2.112000e+001,4.600000e+001
2.114000e+001,4.300000e+001
2.116000e+001,4.200000e+001
2.118000e+001,5.000000e+001
2.120000e+001,6.000000e+001
2.122000e+001,4.400000e+001
2.124000e+001,5.900000e+001
2.126000e+001,7.300000e+001
2.128000e+001,5.200000e+001
2.130000e+001,5.400000e+001
2.132000e+001,8.300000e+001
2.134000e+001,6.600000e+001
2.136000e+001,6.100000e+001
2.138000e+001,5.400000e+001
2.140000e+001,5.400000e+001
2.142000e+001,4.600000e+001
2.144000e+001,5.300000e+001
2.146000e+001,4.400000e+001
2.148000e+001,3.700000e+001
2.150000e+001,3.800000e+001
2.152000e+001,4.700000e+001
2.154000e+001,3.100000e+001
2.156000e+001,3.100000e+001
2.158000e+001,3.200000e+001
2.160000e+001,3.200000e+001
2.162000e+001,3.400000e+001
2.164000e+001,3.200000e+001
2.166000e+001,3.700000e+001
2.168000e+001,3.900000e+001
2.170000e+001,3.700000e+001
2.172000e+001,2.700000e+001
2.174000e+001,3.300000e+001
2.176000e+001,2.300000e+001
2.178000e+001,2.200000e+001
2.180000e+001,2.800000e+001
2.182000e+001,4.100000e+001
2.184000e+001,3.400000e+001
2.186000e+001,3.200000e+001
2.188000e+001,2.500000e+001
2.190000e+001,2.300000e+001
2.192000e+001,2.900000e+001
2.194000e+001,2.900000e+001
2.196000e+001,2.500000e+001
2.198000e+001,2.500000e+001
2.200000e+001,2.700000e+001
2.202000e+001,2.700000e+001
2.204000e+001,2.200000e+001
2.206000e+001,2.800000e+001
2.208000e+001,3.300000e+001
2.210000e+001,3.600000e+001
2.212000e+001,2.300000e+001
2.214000e+001,2.900000e+001
2.216000e+001,2.500000e+001
2.218000e+001,3.300000e+001
2.220000e+001,3.300000e+001
2.222000e+001,3.100000e+001
2.224000e+001,1.700000e+001
2.226000e+001,2.400000e+001
2.228000e+001,3.100000e+001
2.230000e+001,2.400000e+001
2.232000e+001,4.200000e+001
2.234000e+001,2.600000e+001
2.236000e+001,3.200000e+001
2.238000e+001,2.800000e+001
2.240000e+001,3.800000e+001
2.242000e+001,2.900000e+001
2.244000e+001,3.000000e+001
2.246000e+001,3.700000e+001
2.248000e+001,3.100000e+001
2.250000e+001,2.700000e+001
2.252000e+001,3.200000e+001
2.254000e+001,2.200000e+001
2.256000e+001,2.500000e+001
2.258000e+001,2.700000e+001
2.260000e+001,3.200000e+001
2.262000e+001,3.200000e+001
2.264000e+001,4.200000e+001
2.266000e+001,3.400000e+001
2.268000e+001,3.500000e+001
2.270000e+001,3.800000e+001
2.272000e+001,2.700000e+001
2.274000e+001,2.900000e+001
2.276000e+001,3.100000e+001
2.278000e+001,3.000000e+001
2.280000e+001,2.900000e+001
2.282000e+001,3.500000e+001
2.284000e+001,3.100000e+001
2.286000e+001,3.700000e+001
2.288000e+001,3.400000e+001
2.290000e+001,3.400000e+001
2.292000e+001,3.400000e+001
2.294000e+001,3.700000e+001
2.296000e+001,2.000000e+001
2.298000e+001,3.600000e+001
2.300000e+001,3.700000e+001
2.302000e+001,3.000000e+001
2.304000e+001,2.700000e+001
2.306000e+001,3.400000e+001
2.308000e+001,2.900000e+001
2.310000e+001,2.800000e+001
2.312000e+001,3.400000e+001
2.314000e+001,3.400000e+001
2.316000e+001,5.100000e+001
2.318000e+001,3.700000e+001
2.320000e+001,3.400000e+001
2.322000e+001,4.200000e+001
2.324000e+001,3.900000e+001
2.326000e+001,3.200000e+001
2.328000e+001,4.300000e+001
2.330000e+001,3.400000e+001
2.332000e+001,3.600000e+001
2.334000e+001,4.800000e+001
2.336000e+001,3.200000e+001
2.338000e+001,3.300000e+001
2.340000e+001,4.300000e+001
2.342000e+001,4.200000e+001
2.344000e+001,3.800000e+001
2.346000e+001,4.600000e+001
2.348000e+001,3.300000e+001
2.350000e+001,3.800000e+001
2.352000e+001,4.200000e+001
2.354000e+001,5.300000e+001
2.356000e+001,4.800000e+001
2.358000e+001,3.900000e+001
2.360000e+001,5.300000e+001
2.362000e+001,5.800000e+001
2.364000e+001,4.500000e+001
2.366000e+001,5.100000e+001
2.368000e+001,3.100000e+001
2.370000e+001,4.600000e+001
2.372000e+001,5.200000e+001
2.374000e+001,3.900000e+001
2.376000e+001,3.700000e+001
2.378000e+001,4.300000e+001
2.380000e+001,5.100000e+001
2.382000e+001,4.600000e+001
2.384000e+001,4.000000e+001
2.386000e+001,3.800000e+001
2.388000e+001,4.400000e+001
2.390000e+001,4.000000e+001
2.392000e+001,6.000000e+001
2.394000e+001,4.500000e+001
2.396000e+001,4.100000e+001
2.398000e+001,4.900000e+001
2.400000e+001,4.500000e+001
2.402000e+001,3.500000e+001
2.404000e+001,4.100000e+001
2.406000e+001,7.100000e+001
2.408000e+001,5.200000e+001
2.410000e+001,5.300000e+001
2.412000e+001,5.300000e+001
2.414000e+001,5.600000e+001
2.416000e+001,4.100000e+001
2.418000e+001,5.200000e+001
2.420000e+001,4.800000e+001
2.422000e+001,6.000000e+001
2.424000e+001,6.100000e+001
2.426000e+001,6.600000e+001
2.428000e+001,5.100000e+001
2.430000e+001,5.800000e+001
2.432000e+001,6.100000e+001
2.434000e+001,6.500000e+001
2.436000e+001,5.500000e+001
2.438000e+001,5.400000e+001
2.440000e+001,5.800000e+001
2.442000e+001,5.700000e+001
2.444000e+001,6.400000e+001
2.446000e+001,5.600000e+001
2.448000e+001,5.500000e+001
2.450000e+001,5.200000e+001
2.452000e+001,6.300000e+001
2.454000e+001,6.000000e+001
2.456000e+001,5.900000e+001
2.458000e+001,6.400000e+001
2.460000e+001,5.600000e+001
2.462000e+001,5.400000e+001
2.464000e+001,6.400000e+001
2.466000e+001,6.400000e+001
2.468000e+001,6.700000e+001
2.470000e+001,7.600000e+001
2.472000e+001,5.900000e+001
2.474000e+001,5.900000e+001
2.476000e+001,6.900000e+001
2.478000e+001,8.000000e+001
2.480000e+001,5.900000e+001
2.482000e+001,6.300000e+001
2.484000e+001,5.200000e+001
2.486000e+001,7.200000e+001
2.488000e+001,6.600000e+001
2.490000e+001,6.800000e+001
2.492000e+001,6.400000e+001
2.494000e+001,5.500000e+001
2.496000e+001,7.400000e+001
2.498000e+001,7.700000e+001
2.500000e+001,6.700000e+001
2.502000e+001,7.200000e+001
2.504000e+001,5.900000e+001
2.506000e+001,7.500000e+001
2.508000e+001,7.100000e+001
2.510000e+001,7.100000e+001
2.512000e+001,9.800000e+001
2.514000e+001,8.300000e+001
2.516000e+001,6.500000e+001
2.518000e+001,5.800000e+001
2.520000e+001,7.400000e+001
2.522000e+001,7.600000e+001
2.524000e+001,7.000000e+001
2.526000e+001,6.600000e+001
2.528000e+001,6.200000e+001
2.530000e+001,6.900000e+001
2.532000e+001,5.000000e+001
2.534000e+001,6.200000e+001
2.536000e+001,6.400000e+001
2.538000e+001,7.100000e+001
2.540000e+001,6.800000e+001
2.542000e+001,5.800000e+001
2.544000e+001,7.900000e+001
2.546000e+001,7.100000e+001
2.548000e+001,6.300000e+001
2.550000e+001,7.100000e+001
2.552000e+001,5.300000e+001
2.554000e+001,5.400000e+001
2.556000e+001,8.100000e+001
2.558000e+001,5.900000e+001
2.560000e+001,4.700000e+001
2.562000e+001,7.800000e+001
2.564000e+001,5.800000e+001
2.566000e+001,5.900000e+001
2.568000e+001,7.000000e+001
2.570000e+001,6.000000e+001
2.572000e+001,5.200000e+001
2.574000e+001,6.300000e+001
2.576000e+001,5.000000e+001
2.578000e+001,6.200000e+001
2.580000e+001,5.600000e+001
2.582000e+001,5.600000e+001
2.584000e+001,5.100000e+001
2.586000e+001,5.400000e+001
2.588000e+001,6.700000e+001
2.590000e+001,5.200000e+001
2.592000e+001,6.200000e+001
2.594000e+001,5.900000e+001
2.596000e+001,6.200000e+001
2.598000e+001,6.700000e+001
2.600000e+001,6.300000e+001
2.602000e+001,6.000000e+001
2.604000e+001,4.900000e+001
2.606000e+001,3.900000e+001
2.608000e+001,5.700000e+001
2.610000e+001,5.100000e+001
2.612000e+001,5.700000e+001
2.614000e+001,5.500000e+001
2.616000e+001,5.100000e+001
2.618000e+001,5.200000e+001
2.620000e+001,5.700000e+001
2.622000e+001,5.300000e+001
2.624000e+001,5.300000e+001
2.626000e+001,5.200000e+001
2.628000e+001,5.300000e+001
2.630000e+001,5.000000e+001
2.632000e+001,5.300000e+001
2.634000e+001,5.200000e+001
2.636000e+001,4.500000e+001
2.638000e+001,4.200000e+001
2.640000e+001,4.100000e+001
2.642000e+001,5.100000e+001
2.644000e+001,5.600000e+001
2.646000e+001,5.900000e+001
2.648000e+001,5.600000e+001
2.650000e+001,5.200000e+001
2.652000e+001,5.600000e+001
2.654000e+001,4.300000e+001
2.656000e+001,5.400000e+001
2.658000e+001,5.000000e+001
2.660000e+001,4.900000e+001
2.662000e+001,5.900000e+001
2.664000e+001,5.400000e+001
2.666000e+001,4.300000e+001
2.668000e+001,4.700000e+001
2.670000e+001,4.900000e+001
2.672000e+001,5.100000e+001
2.674000e+001,4.700000e+001
2.676000e+001,4.700000e+001
2.678000e+001,5.700000e+001
2.680000e+001,4.800000e+001
2.682000e+001,5.400000e+001
2.684000e+001,4.800000e+001
2.686000e+001,4.800000e+001
2.688000e+001,3.800000e+001
2.690000e+001,5.600000e+001
2.692000e+001,6.100000e+001
2.694000e+001,4.900000e+001
2.696000e+001,4.000000e+001
2.698000e+001,4.900000e+001
2.700000e+001,5.500000e+001
2.702000e+001,5.800000e+001
2.704000e+001,6.100000e+001
2.706000e+001,6.400000e+001
2.708000e+001,7.000000e+001
2.710000e+001,4.700000e+001
2.712000e+001,5.500000e+001
2.714000e+001,6.000000e+001
2.716000e+001,6.100000e+001
2.718000e+001,5.100000e+001
2.720000e+001,6.100000e+001
2.722000e+001,4.700000e+001
2.724000e+001,6.000000e+001
2.726000e+001,5.000000e+001
2.728000e+001,5.200000e+001
2.730000e+001,6.700000e+001
2.732000e+001,6.100000e+001
2.734000e+001,6.100000e+001
2.736000e+001,5.100000e+001
2.738000e+001,5.100000e+001
2.740000e+001,5.800000e+001
2.742000e+001,4.900000e+001
2.744000e+001,5.700000e+001
2.746000e+001,5.000000e+001
2.748000e+001,6.300000e+001
2.750000e+001,6.600000e+001
2.752000e+001,6.700000e+001
2.754000e+001,6.400000e+001
2.756000e+001,6.100000e+001
2.758000e+001,6.700000e+001
2.760000e+001,5.000000e+001
2.762000e+001,6.700000e+001
2.764000e+001,7.100000e+001
2.766000e+001,7.200000e+001
2.768000e+001,6.300000e+001
2.770000e+001,4.900000e+001
2.772000e+001,7.300000e+001
2.774000e+001,6.100000e+001
2.776000e+001,7.100000e+001
2.778000e+001,5.100000e+001
2.780000e+001,7.200000e+001
2.782000e+001,5.900000e+001
2.784000e+001,7.000000e+001
2.786000e+001,6.500000e+001
2.788000e+001,5.700000e+001
2.790000e+001,5.900000e+001
2.792000e+001,7.500000e+001
2.794000e+001,6.600000e+001
2.796000e+001,7.100000e+001
2.798000e+001,6.000000e+001
2.800000e+001,6.200000e+001
2.802000e+001,7.300000e+001
2.804000e+001,5.400000e+001
2.806000e+001,6.800000e+001
2.808000e+001,6.900000e+001
2.810000e+001,6.300000e+001
2.812000e+001,6.000000e+001
2.814000e+001,6.200000e+001
2.816000e+001,7.700000e+001
2.818000e+001,5.500000e+001
2.820000e+001,6.100000e+001
2.822000e+001,7.700000e+001
2.824000e+001,6.200000e+001
2.826000e+001,7.100000e+001
2.828000e+001,7.800000e+001
2.830000e+001,6.700000e+001
2.832000e+001,7.500000e+001
2.834000e+001,5.900000e+001
2.836000e+001,6.300000e+001
2.838000e+001,7.000000e+001
2.840000e+001,8.300000e+001
2.842000e+001,6.400000e+001
2.844000e+001,6.700000e+001
2.846000e+001,6.000000e+001
2.848000e+001,6.700000e+001
2.850000e+001,8.000000e+001
2.852000e+001,8.000000e+001
2.854000e+001,7.500000e+001
2.856000e+001,6.500000e+001
2.858000e+001,6.900000e+001
2.860000e+001,5.000000e+001
2.862000e+001,7.200000e+001
2.864000e+001,6.400000e+001
2.866000e+001,7.700000e+001
2.868000e+001,6.800000e+001
2.870000e+001,6.900000e+001
2.872000e+001,7.200000e+001
2.874000e+001,5.900000e+001
2.876000e+001,5.800000e+001
2.878000e+001,6.400000e+001
2.880000e+001,7.600000e+001
2.882000e+001,5.700000e+001
2.884000e+001,6.100000e+001
2.886000e+001,4.200000e+001
2.888000e+001,6.500000e+001
2.890000e+001,5.400000e+001
2.892000e+001,4.800000e+001
2.894000e+001,4.500000e+001
2.896000e+001,5.400000e+001
2.898000e+001,4.300000e+001
2.900000e+001,5.500000e+001
2.902000e+001,4.500000e+001
2.904000e+001,5.600000e+001
2.906000e+001,6.500000e+001
2.908000e+001,6.600000e+001
2.910000e+001,5.200000e+001
2.912000e+001,5.700000e+001
2.914000e+001,4.400000e+001
2.916000e+001,5.600000e+001
2.918000e+001,4.900000e+001
2.920000e+001,5.100000e+001
2.922000e+001,5.500000e+001
2.924000e+001,4.700000e+001
2.926000e+001,4.600000e+001
2.928000e+001,6.300000e+001
2.930000e+001,5.200000e+001
2.932000e+001,5.600000e+001
2.934000e+001,5.500000e+001
2.936000e+001,4.400000e+001
2.938000e+001,5.200000e+001
2.940000e+001,5.900000e+001
2.942000e+001,4.700000e+001
2.944000e+001,5.000000e+001
2.946000e+001,4.700000e+001
2.948000e+001,5.800000e+001
2.950000e+001,6.000000e+001
2.952000e+001,5.600000e+001
2.954000e+001,4.900000e+001
2.956000e+001,5.000000e+001
2.958000e+001,6.100000e+001
2.960000e+001,5.600000e+001
2.962000e+001,3.700000e+001
2.964000e+001,4.000000e+001
2.966000e+001,4.600000e+001
2.968000e+001,5.300000e+001
2.970000e+001,5.500000e+001
2.972000e+001,3.100000e+001
2.974000e+001,5.900000e+001
2.976000e+001,4.800000e+001
2.978000e+001,5.200000e+001
2.980000e+001,4.100000e+001
2.982000e+001,5.700000e+001
2.984000e+001,4.400000e+001
2.986000e+001,4.200000e+001
2.988000e+001,3.900000e+001
2.990000e+001,4.700000e+001
2.992000e+001,3.300000e+001
2.994000e+001,4.400000e+001
2.996000e+001,4.200000e+001
2.998000e+001,4.500000e+001
3.000000e+001,5.500000e+001
3.002000e+001,5.000000e+001
3.004000e+001,5.400000e+001
3.006000e+001,4.700000e+001
3.008000e+001,5.500000e+001
3.010000e+001,4.900000e+001
3.012000e+001,5.000000e+001
3.014000e+001,4.900000e+001
3.016000e+001,4.700000e+001
3.018000e+001,4.300000e+001
3.020000e+001,4.300000e+001
3.022000e+001,4.400000e+001
3.024000e+001,6.200000e+001
3.026000e+001,3.200000e+001
3.028000e+001,6.700000e+001
3.030000e+001,4.500000e+001
3.032000e+001,5.000000e+001
3.034000e+001,4.100000e+001
3.036000e+001,4.600000e+001
3.038000e+001,4.800000e+001
3.040000e+001,3.600000e+001
3.042000e+001,4.500000e+001
3.044000e+001,4.800000e+001
3.046000e+001,4.400000e+001
3.048000e+001,4.500000e+001
3.050000e+001,4.800000e+001
3.052000e+001,5.000000e+001
3.054000e+001,4.200000e+001
3.056000e+001,5.900000e+001
3.058000e+001,4.200000e+001
3.060000e+001,5.100000e+001
3.062000e+001,5.000000e+001
3.064000e+001,4.700000e+001
3.066000e+001,5.200000e+001
3.068000e+001,6.400000e+001
3.070000e+001,4.700000e+001
3.072000e+001,4.200000e+001
3.074000e+001,3.200000e+001
3.076000e+001,5.000000e+001
3.078000e+001,5.200000e+001
3.080000e+001,4.900000e+001
3.082000e+001,5.700000e+001
3.084000e+001,5.600000e+001
3.086000e+001,6.100000e+001
3.088000e+001,5.700000e+001
3.090000e+001,6.300000e+001
3.092000e+001,6.300000e+001
3.094000e+001,4.900000e+001
3.096000e+001,7.300000e+001
3.098000e+001,5.800000e+001
3.100000e+001,5.300000e+001
3.102000e+001,5.900000e+001
3.104000e+001,7.400000e+001
3.106000e+001,5.800000e+001
3.108000e+001,5.500000e+001
3.110000e+001,5.900000e+001
3.112000e+001,6.900000e+001
3.114000e+001,6.300000e+001
3.116000e+001,6.500000e+001
3.118000e+001,7.200000e+001
3.120000e+001,6.600000e+001
3.122000e+001,6.000000e+001
3.124000e+001,6.200000e+001
3.126000e+001,7.400000e+001
3.128000e+001,7.700000e+001
3.130000e+001,7.400000e+001
3.132000e+001,7.400000e+001
3.134000e+001,8.300000e+001
3.136000e+001,8.700000e+001
3.138000e+001,1.030000e+002
3.140000e+001,1.110000e+002
3.142000e+001,9.900000e+001
3.144000e+001,1.150000e+002
3.146000e+001,1.030000e+002
3.148000e+001,1.630000e+002
3.150000e+001,1.760000e+002
3.152000e+001,1.720000e+002
3.154000e+001,2.240000e+002
3.156000e+001,2.330000e+002
3.158000e+001,2.520000e+002
3.160000e+001,2.960000e+002
3.162000e+001,3.630000e+002
3.164000e+001,4.570000e+002
3.166000e+001,4.560000e+002
3.168000e+001,5.220000e+002
3.170000e+001,6.030000e+002
3.172000e+001,6.410000e+002
3.174000e+001,7.210000e+002
3.176000e+001,7.800000e+002
3.178000e+001,7.730000e+002
3.180000e+001,6.950000e+002
3.182000e+001,7.040000e+002
3.184000e+001,6.460000e+002
3.186000e+001,5.780000e+002
3.188000e+001,5.030000e+002
3.190000e+001,4.310000e+002
3.192000e+001,3.780000e+002
3.194000e+001,3.360000e+002
3.196000e+001,2.930000e+002
3.198000e+001,2.450000e+002
3.200000e+001,1.960000e+002
3.202000e+001,2.280000e+002
3.204000e+001,1.680000e+002
3.206000e+001,1.430000e+002
3.208000e+001,1.430000e+002
3.210000e+001,1.140000e+002
3.212000e+001,1.180000e+002
3.214000e+001,1.170000e+002
3.216000e+001,1.220000e+002
3.218000e+001,9.200000e+001
3.220000e+001,1.050000e+002
3.222000e+001,9.500000e+001
3.224000e+001,1.070000e+002
3.226000e+001,1.060000e+002
3.228000e+001,9.700000e+001
3.230000e+001,9.000000e+001
3.232000e+001,9.100000e+001
3.234000e+001,8.700000e+001
3.236000e+001,8.300000e+001
3.238000e+001,8.300000e+001
3.240000e+001,7.200000e+001
3.242000e+001,6.800000e+001
3.244000e+001,8.800000e+001
3.246000e+001,8.400000e+001
3.248000e+001,8.200000e+001
3.250000e+001,1.040000e+002
3.252000e+001,9.100000e+001
3.254000e+001,9.900000e+001
3.256000e+001,1.250000e+002
3.258000e+001,1.150000e+002
3.260000e+001,1.490000e+002
3.262000e+001,1.200000e+002
3.264000e+001,1.630000e+002
3.266000e+001,1.420000e+002
3.268000e+001,1.590000e+002
3.270000e+001,1.930000e+002
3.272000e+001,1.860000e+002
3.274000e+001,1.880000e+002
3.276000e+001,2.020000e+002
3.278000e+001,2.310000e+002
3.280000e+001,2.060000e+002
3.282000e+001,2.360000e+002
3.284000e+001,2.550000e+002
3.286000e+001,2.480000e+002
3.288000e+001,2.050000e+002
3.290000e+001,2.060000e+002
3.292000e+001,1.930000e+002
3.294000e+001,1.740000e+002
3.296000e+001,1.890000e+002
3.298000e+001,1.360000e+002
3.300000e+001,1.340000e+002
3.302000e+001,1.040000e+002
3.304000e+001,1.230000e+002
3.306000e+001,1.000000e+002
3.308000e+001,1.090000e+002
3.310000e+001,9.300000e+001
3.312000e+001,8.400000e+001
3.314000e+001,9.500000e+001
3.316000e+001,8.100000e+001
3.318000e+001,7.000000e+001
3.320000e+001,9.500000e+001
3.322000e+001,7.800000e+001
3.324000e+001,8.600000e+001
3.326000e+001,6.400000e+001
3.328000e+001,8.400000e+001
3.330000e+001,6.900000e+001
3.332000e+001,6.400000e+001
3.334000e+001,8.000000e+001
3.336000e+001,8.100000e+001
3.338000e+001,8.300000e+001
3.340000e+001,6.600000e+001
3.342000e+001,7.000000e+001
3.344000e+001,7.200000e+001
3.346000e+001,5.700000e+001
3.348000e+001,6.400000e+001
3.350000e+001,6.700000e+001
3.352000e+001,6.600000e+001
3.354000e+001,5.200000e+001
3.356000e+001,7.100000e+001
3.358000e+001,6.300000e+001
3.360000e+001,5.500000e+001
3.362000e+001,7.000000e+001
3.364000e+001,6.400000e+001
3.366000e+001,5.200000e+001
3.368000e+001,6.300000e+001
3.370000e+001,8.000000e+001
3.372000e+001,5.300000e+001
3.374000e+001,5.600000e+001
3.376000e+001,6.300000e+001
3.378000e+001,6.200000e+001
3.380000e+001,8.300000e+001
3.382000e+001,7.700000e+001
3.384000e+001,8.200000e+001
3.386000e+001,6.500000e+001
3.388000e+001,6.400000e+001
3.390000e+001,8.300000e+001
3.392000e+001,8.700000e+001
3.394000e+001,8.200000e+001
3.396000e+001,8.300000e+001
3.398000e+001,9.200000e+001
3.400000e+001,9.800000e+001
3.402000e+001,7.300000e+001
3.404000e+001,7.300000e+001
3.406000e+001,9.600000e+001
3.408000e+001,1.030000e+002
3.410000e+001,1.220000e+002
3.412000e+001,1.070000e+002
3.414000e+001,1.300000e+002
3.416000e+001,1.470000e+002
3.418000e+001,1.540000e+002
3.420000e+001,1.810000e+002
3.422000e+001,2.020000e+002
3.424000e+001,2.250000e+002
3.426000e+001,2.750000e+002
3.428000e+001,3.000000e+002
3.430000e+001,4.150000e+002
3.432000e+001,5.040000e+002
3.434000e+001,6.090000e+002
3.436000e+001,7.640000e+002
3.438000e+001,8.200000e+002
3.440000e+001,8.700000e+002
3.442000e+001,8.370000e+002
3.444000e+001,7.760000e+002
3.446000e+001,7.020000e+002
3.448000e+001,6.080000e+002
3.450000e+001,5.330000e+002
3.452000e+001,4.340000e+002
3.454000e+001,3.970000e+002
3.456000e+001,2.840000e+002
3.458000e+001,2.600000e+002
3.460000e+001,1.910000e+002
3.462000e+001,1.570000e+002
3.464000e+001,1.880000e+002
3.466000e+001,1.470000e+002
3.468000e+001,1.580000e+002
3.470000e+001,1.550000e+002
3.472000e+001,1.300000e+002
3.474000e+001,1.670000e+002
3.476000e+001,1.650000e+002
3.478000e+001,1.410000e+002
3.480000e+001,1.600000e+002
3.482000e+001,1.350000e+002
3.484000e+001,1.650000e+002
3.486000e+001,1.600000e+002
3.488000e+001,1.670000e+002
3.490000e+001,1.510000e+002
3.492000e+001,1.600000e+002
3.494000e+001,1.700000e+002
3.496000e+001,1.630000e+002
3.498000e+001,1.610000e+002
3.500000e+001,2.000000e+002
3.502000e+001,1.830000e+002
3.504000e+001,1.750000e+002
3.506000e+001,1.970000e+002
3.508000e+001,1.770000e+002
3.510000e+001,1.670000e+002
3.512000e+001,1.780000e+002
3.514000e+001,1.640000e+002
3.516000e+001,1.620000e+002
3.518000e+001,1.750000e+002
3.520000e+001,1.740000e+002
3.522000e+001,1.450000e+002
3.524000e+001,1.520000e+002
3.526000e+001,1.950000e+002
3.528000e+001,1.320000e+002
3.530000e+001,1.420000e+002
3.532000e+001,1.310000e+002
3.534000e+001,1.410000e+002
3.536000e+001,1.400000e+002
3.538000e+001,1.510000e+002
3.540000e+001,1.690000e+002
3.542000e+001,1.250000e+002
3.544000e+001,1.570000e+002
3.546000e+001,1.290000e+002
3.548000e+001,1.410000e+002
3.550000e+001,1.200000e+002
3.552000e+001,1.140000e+002
3.554000e+001,1.160000e+002
3.556000e+001,1.190000e+002
3.558000e+001,1.050000e+002
3.560000e+001,1.370000e+002
3.562000e+001,1.010000e+002
3.564000e+001,1.390000e+002
3.566000e+001,1.370000e+002
3.568000e+001,1.490000e+002
3.570000e+001,1.260000e+002
3.572000e+001,1.360000e+002
3.574000e+001,1.560000e+002
3.576000e+001,1.490000e+002
3.578000e+001,1.610000e+002
3.580000e+001,1.580000e+002
3.582000e+001,1.540000e+002
3.584000e+001,1.880000e+002
3.586000e+001,1.980000e+002
3.588000e+001,2.150000e+002
3.590000e+001,2.270000e+002
3.592000e+001,2.500000e+002
3.594000e+001,2.680000e+002
3.596000e+001,3.020000e+002
3.598000e+001,2.910000e+002
3.600000e+001,3.260000e+002
3.602000e+001,3.900000e+002
3.604000e+001,4.480000e+002
3.606000e+001,4.630000e+002
3.608000e+001,5.730000e+002
3.610000e+001,5.940000e+002
3.612000e+001,6.530000e+002
3.614000e+001,7.040000e+002
3.616000e+001,8.380000e+002
3.618000e+001,9.090000e+002
3.620000e+001,1.007000e+003
3.622000e+001,1.031000e+003
3.624000e+001,1.107000e+003
3.626000e+001,1.118000e+003
3.628000e+001,1.163000e+003
3.630000e+001,1.005000e+003
3.632000e+001,1.032000e+003
3.634000e+001,9.370000e+002
3.636000e+001,8.280000e+002
3.638000e+001,7.450000e+002
3.640000e+001,6.690000e+002
3.642000e+001,5.410000e+002
3.644000e+001,4.470000e+002
3.646000e+001,4.200000e+002
3.648000e+001,3.550000e+002
3.650000e+001,3.380000e+002
3.652000e+001,3.010000e+002
3.654000e+001,2.510000e+002
3.656000e+001,2.600000e+002
3.658000e+001,2.140000e+002
3.660000e+001,2.110000e+002
3.662000e+001,1.720000e+002
3.664000e+001,1.390000e+002
3.666000e+001,1.430000e+002
3.668000e+001,1.380000e+002
3.670000e+001,1.470000e+002
3.672000e+001,1.210000e+002
3.674000e+001,1.300000e+002
3.676000e+001,1.130000e+002
3.678000e+001,1.130000e+002
3.680000e+001,1.040000e+002
3.682000e+001,1.120000e+002
3.684000e+001,8.600000e+001
3.686000e+001,1.000000e+002
3.688000e+001,9.100000e+001
3.690000e+001,8.000000e+001
3.692000e+001,9.000000e+001
3.694000e+001,7.700000e+001
3.696000e+001,8.400000e+001
3.698000e+001,6.900000e+001
3.700000e+001,8.600000e+001
3.702000e+001,7.100000e+001
3.704000e+001,7.800000e+001
3.706000e+001,9.000000e+001
3.708000e+001,7.900000e+001
3.710000e+001,8.300000e+001
3.712000e+001,7.700000e+001
3.714000e+001,6.400000e+001
3.716000e+001,5.700000e+001
3.718000e+001,6.500000e+001
3.720000e+001,7.500000e+001
3.722000e+001,5.200000e+001
3.724000e+001,7.700000e+001
3.726000e+001,5.400000e+001
3.728000e+001,8.300000e+001
3.730000e+001,6.900000e+001
3.732000e+001,7.300000e+001
3.734000e+001,5.700000e+001
3.736000e+001,5.400000e+001
3.738000e+001,6.600000e+001
3.740000e+001,8.200000e+001
3.742000e+001,6.300000e+001
3.744000e+001,6.300000e+001
3.746000e+001,7.000000e+001
3.748000e+001,6.300000e+001
3.750000e+001,7.100000e+001
3.752000e+001,8.400000e+001
3.754000e+001,6.400000e+001
3.756000e+001,5.600000e+001
3.758000e+001,4.300000e+001
3.760000e+001,4.900000e+001
3.762000e+001,4.800000e+001
3.764000e+001,6.200000e+001
3.766000e+001,5.400000e+001
3.768000e+001,4.900000e+001
3.770000e+001,5.700000e+001
3.772000e+001,4.300000e+001
3.774000e+001,4.600000e+001
3.776000e+001,5.500000e+001
3.778000e+001,6.500000e+001
3.780000e+001,5.200000e+001
3.782000e+001,3.800000e+001
3.784000e+001,4.000000e+001
3.786000e+001,4.900000e+001
3.788000e+001,3.100000e+001
3.790000e+001,4.900000e+001
3.792000e+001,3.600000e+001
3.794000e+001,4.700000e+001
3.796000e+001,4.600000e+001
3.798000e+001,5.100000e+001
3.800000e+001,5.200000e+001
3.802000e+001,5.000000e+001
3.804000e+001,5.400000e+001
3.806000e+001,5.800000e+001
3.808000e+001,3.200000e+001
3.810000e+001,4.100000e+001
3.812000e+001,4.400000e+001
3.814000e+001,4.100000e+001
3.816000e+001,5.600000e+001
3.818000e+001,4.000000e+001
3.820000e+001,4.100000e+001
3.822000e+001,5.100000e+001
3.824000e+001,4.400000e+001
3.826000e+001,4.100000e+001
3.828000e+001,4.900000e+001
3.830000e+001,4.800000e+001
3.832000e+001,4.200000e+001
3.834000e+001,4.000000e+001
3.836000e+001,4.600000e+001
3.838000e+001,4.700000e+001
3.840000e+001,5.100000e+001
3.842000e+001,5.200000e+001
3.844000e+001,4.200000e+001
3.846000e+001,3.900000e+001
3.848000e+001,4.400000e+001
3.850000e+001,4.400000e+001
3.852000e+001,4.500000e+001
3.854000e+001,3.400000e+001
3.856000e+001,3.200000e+001
3.858000e+001,3.900000e+001
3.860000e+001,4.600000e+001
3.862000e+001,4.800000e+001
3.864000e+001,3.500000e+001
3.866000e+001,4.600000e+001
3.868000e+001,4.200000e+001
3.870000e+001,3.200000e+001
3.872000e+001,3.600000e+001
3.874000e+001,4.300000e+001
3.876000e+001,4.600000e+001
3.878000e+001,3.500000e+001
3.880000e+001,4.900000e+001
3.882000e+001,4.000000e+001
3.884000e+001,3.200000e+001
3.886000e+001,3.000000e+001
3.888000e+001,3.500000e+001
3.890000e+001,4.200000e+001
3.892000e+001,3.300000e+001
3.894000e+001,4.200000e+001
3.896000e+001,5.000000e+001
3.898000e+001,4.700000e+001
3.900000e+001,3.800000e+001
3.902000e+001,3.000000e+001
3.904000e+001,4.600000e+001
3.906000e+001,4.000000e+001
3.908000e+001,4.400000e+001
3.910000e+001,3.600000e+001
3.912000e+001,3.400000e+001
3.914000e+001,4.700000e+001
3.916000e+001,3.300000e+001
3.918000e+001,3.000000e+001
3.920000e+001,5.200000e+001
3.922000e+001,4.000000e+001
3.924000e+001,3.600000e+001
3.926000e+001,4.100000e+001
3.928000e+001,5.400000e+001
3.930000e+001,4.200000e+001
3.932000e+001,4.200000e+001
3.934000e+001,4.700000e+001
3.936000e+001,4.500000e+001
3.938000e+001,3.700000e+001
3.940000e+001,3.200000e+001
3.942000e+001,4.500000e+001
3.944000e+001,4.300000e+001
3.946000e+001,3.900000e+001
3.948000e+001,4.400000e+001
3.950000e+001,4.700000e+001
3.952000e+001,3.900000e+001
3.954000e+001,5.100000e+001
3.956000e+001,3.400000e+001
3.958000e+001,3.400000e+001
3.960000e+001,4.200000e+001
3.962000e+001,4.400000e+001
3.964000e+001,4.600000e+001
3.966000e+001,5.200000e+001
3.968000e+001,4.100000e+001
3.970000e+001,3.700000e+001
3.972000e+001,4.600000e+001
3.974000e+001,4.200000e+001
3.976000e+001,4.400000e+001
3.978000e+001,3.700000e+001
3.980000e+001,4.400000e+001
3.982000e+001,5.700000e+001
3.984000e+001,4.800000e+001
3.986000e+001,5.400000e+001
3.988000e+001,4.800000e+001
3.990000e+001,3.600000e+001
3.992000e+001,4.800000e+001
3.994000e+001,3.800000e+001
3.996000e+001,4.700000e+001
3.998000e+001,4.700000e+001
4.000000e+001,4.700000e+001
4.002000e+001,4.300000e+001
4.004000e+001,4.200000e+001
4.006000e+001,5.500000e+001
4.008000e+001,4.200000e+001
4.010000e+001,5.000000e+001
4.012000e+001,3.500000e+001
4.014000e+001,3.800000e+001
4.016000e+001,4.300000e+001
4.018000e+001,5.000000e+001
4.020000e+001,4.100000e+001
4.022000e+001,4.500000e+001
4.024000e+001,4.000000e+001
4.026000e+001,5.600000e+001
4.028000e+001,4.000000e+001
4.030000e+001,4.500000e+001
4.032000e+001,3.000000e+001
4.034000e+001,5.700000e+001
4.036000e+001,5.400000e+001
4.038000e+001,4.600000e+001
4.040000e+001,4.700000e+001
4.042000e+001,5.600000e+001
4.044000e+001,5.800000e+001
4.046000e+001,4.800000e+001
4.048000e+001,5.200000e+001
4.050000e+001,6.100000e+001
4.052000e+001,5.400000e+001
4.054000e+001,5.600000e+001
4.056000e+001,4.500000e+001
4.058000e+001,5.100000e+001
4.060000e+001,5.600000e+001
4.062000e+001,4.100000e+001
4.064000e+001,3.900000e+001
4.066000e+001,5.300000e+001
4.068000e+001,4.600000e+001
4.070000e+001,5.700000e+001
4.072000e+001,5.000000e+001
4.074000e+001,4.300000e+001
4.076000e+001,4.000000e+001
4.078000e+001,5.300000e+001
4.080000e+001,5.300000e+001
4.082000e+001,6.100000e+001
4.084000e+001,5.000000e+001
4.086000e+001,4.900000e+001
4.088000e+001,6.900000e+001
4.090000e+001,5.500000e+001
4.092000e+001,6.200000e+001
4.094000e+001,4.600000e+001
4.096000e+001,5.100000e+001
4.098000e+001,4.800000e+001
4.100000e+001,4.500000e+001
4.102000e+001,5.600000e+001
4.104000e+001,7.800000e+001
4.106000e+001,5.900000e+001
4.108000e+001,4.600000e+001
4.110000e+001,5.400000e+001
4.112000e+001,6.100000e+001
4.114000e+001,6.800000e+001
4.116000e+001,5.800000e+001
4.118000e+001,5.300000e+001
4.120000e+001,5.200000e+001
4.122000e+001,6.500000e+001
4.124000e+001,4.800000e+001
4.126000e+001,6.100000e+001
4.128000e+001,5.300000e+001
4.130000e+001,6.300000e+001
4.132000e+001,6.400000e+001
4.134000e+001,5.800000e+001
4.136000e+001,5.800000e+001
4.138000e+001,5.900000e+001
4.140000e+001,6.400000e+001
4.142000e+001,4.700000e+001
4.144000e+001,7.200000e+001
4.146000e+001,5.200000e+001
4.148000e+001,6.600000e+001
4.150000e+001,6.700000e+001
4.152000e+001,6.900000e+001
4.154000e+001,5.200000e+001
4.156000e+001,6.300000e+001
4.158000e+001,4.700000e+001
4.160000e+001,4.400000e+001
4.162000e+001,6.200000e+001
4.164000e+001,4.800000e+001
4.166000e+001,6.100000e+001
4.168000e+001,5.200000e+001
4.170000e+001,5.500000e+001
4.172000e+001,5.700000e+001
4.174000e+001,5.100000e+001
4.176000e+001,3.900000e+001
4.178000e+001,5.100000e+001
4.180000e+001,5.900000e+001
4.182000e+001,4.600000e+001
4.184000e+001,5.800000e+001
4.186000e+001,4.500000e+001
4.188000e+001,5.200000e+001
4.190000e+001,5.700000e+001
4.192000e+001,4.100000e+001
4.194000e+001,5.500000e+001
4.196000e+001,5.500000e+001
4.198000e+001,5.000000e+001
4.200000e+001,4.900000e+001
4.202000e+001,4.400000e+001
4.204000e+001,4.600000e+001
4.206000e+001,4.800000e+001
4.208000e+001,4.000000e+001
4.210000e+001,4.400000e+001
4.212000e+001,4.200000e+001
4.214000e+001,4.400000e+001
4.216000e+001,5.200000e+001
4.218000e+001,5.000000e+001
4.220000e+001,4.400000e+001
4.222000e+001,4.000000e+001
4.224000e+001,5.200000e+001
4.226000e+001,4.000000e+001
4.228000e+001,4.400000e+001
4.230000e+001,3.700000e+001
4.232000e+001,4.400000e+001
4.234000e+001,4.000000e+001
4.236000e+001,3.700000e+001
4.238000e+001,4.800000e+001
4.240000e+001,4.300000e+001
4.242000e+001,5.600000e+001
4.244000e+001,3.500000e+001
4.246000e+001,3.500000e+001
4.248000e+001,5.300000e+001
4.250000e+001,4.200000e+001
4.252000e+001,3.700000e+001
4.254000e+001,3.800000e+001
4.256000e+001,4.300000e+001
4.258000e+001,4.000000e+001
4.260000e+001,4.500000e+001
4.262000e+001,3.500000e+001
4.264000e+001,4.600000e+001
4.266000e+001,3.700000e+001
4.268000e+001,5.100000e+001
4.270000e+001,3.900000e+001
4.272000e+001,3.600000e+001
4.274000e+001,5.800000e+001
4.276000e+001,3.700000e+001
4.278000e+001,4.000000e+001
4.280000e+001,4.300000e+001
4.282000e+001,3.600000e+001
4.284000e+001,3.900000e+001
4.286000e+001,3.900000e+001
4.288000e+001,4.300000e+001
4.290000e+001,4.600000e+001
4.292000e+001,3.000000e+001
4.294000e+001,3.900000e+001
4.296000e+001,4.400000e+001
4.298000e+001,4.100000e+001
4.300000e+001,4.100000e+001
4.302000e+001,3.600000e+001
4.304000e+001,3.400000e+001
4.306000e+001,4.400000e+001
4.308000e+001,4.400000e+001
4.310000e+001,4.000000e+001
4.312000e+001,4.100000e+001
4.314000e+001,4.900000e+001
4.316000e+001,4.000000e+001
4.318000e+001,3.400000e+001
4.320000e+001,2.700000e+001
4.322000e+001,4.300000e+001
4.324000e+001,3.700000e+001
4.326000e+001,3.200000e+001
4.328000e+001,3.200000e+001
4.330000e+001,4.300000e+001
4.332000e+001,4.000000e+001
4.334000e+001,4.900000e+001
4.336000e+001,4.500000e+001
4.338000e+001,3.700000e+001
4.340000e+001,4.100000e+001
4.342000e+001,3.800000e+001
4.344000e+001,3.900000e+001
4.346000e+001,4.100000e+001
4.348000e+001,3.500000e+001
4.350000e+001,3.800000e+001
4.352000e+001,2.900000e+001
4.354000e+001,3.200000e+001
4.356000e+001,4.600000e+001
4.358000e+001,3.500000e+001
4.360000e+001,3.400000e+001
4.362000e+001,4.500000e+001
4.364000e+001,3.700000e+001
4.366000e+001,3.800000e+001
4.368000e+001,4.400000e+001
4.370000e+001,2.900000e+001
4.372000e+001,4.400000e+001
4.374000e+001,2.400000e+001
4.376000e+001,4.200000e+001
4.378000e+001,3.700000e+001
4.380000e+001,4.400000e+001
4.382000e+001,2.000000e+001
4.384000e+001,2.800000e+001
4.386000e+001,4.800000e+001
4.388000e+001,3.400000e+001
4.390000e+001,3.200000e+001
4.392000e+001,4.100000e+001
4.394000e+001,3.200000e+001
4.396000e+001,5.100000e+001
4.398000e+001,3.500000e+001
4.400000e+001,4.400000e+001
4.402000e+001,3.300000e+001
4.404000e+001,3.100000e+001
4.406000e+001,2.900000e+001
4.408000e+001,3.000000e+001
4.410000e+001,3.300000e+001
4.412000e+001,3.800000e+001
4.414000e+001,4.000000e+001
4.416000e+001,3.800000e+001
4.418000e+001,3.000000e+001
4.420000e+001,2.800000e+001
4.422000e+001,2.400000e+001
4.424000e+001,3.300000e+001
4.426000e+001,3.500000e+001
4.428000e+001,2.800000e+001
4.430000e+001,3.600000e+001
4.432000e+001,3.000000e+001
4.434000e+001,3.800000e+001
4.436000e+001,3.600000e+001
4.438000e+001,3.700000e+001
4.440000e+001,2.600000e+001
4.442000e+001,4.400000e+001
4.444000e+001,2.800000e+001
4.446000e+001,3.700000e+001
4.448000e+001,3.800000e+001
4.450000e+001,4.100000e+001
4.452000e+001,3.700000e+001
4.454000e+001,3.200000e+001
4.456000e+001,3.800000e+001
4.458000e+001,4.800000e+001
4.460000e+001,3.000000e+001
4.462000e+001,3.400000e+001
4.464000e+001,3.100000e+001
4.466000e+001,3.900000e+001
4.468000e+001,4.100000e+001
4.470000e+001,2.700000e+001
4.472000e+001,3.300000e+001
4.474000e+001,2.400000e+001
4.476000e+001,4.300000e+001
4.478000e+001,3.200000e+001
4.480000e+001,3.100000e+001
4.482000e+001,3.600000e+001
4.484000e+001,3.000000e+001
4.486000e+001,4.800000e+001
4.488000e+001,3.300000e+001
4.490000e+001,2.400000e+001
4.492000e+001,3.900000e+001
4.494000e+001,3.500000e+001
4.496000e+001,3.800000e+001
4.498000e+001,2.900000e+001
4.500000e+001,3.200000e+001
4.502000e+001,2.900000e+001
4.504000e+001,3.200000e+001
4.506000e+001,3.700000e+001
4.508000e+001,4.100000e+001
4.510000e+001,3.800000e+001
4.512000e+001,3.100000e+001
4.514000e+001,3.900000e+001
4.516000e+001,3.800000e+001
4.518000e+001,3.600000e+001
4.520000e+001,4.400000e+001
4.522000e+001,3.100000e+001
4.524000e+001,4.400000e+001
4.526000e+001,3.100000e+001
4.528000e+001,3.700000e+001
4.530000e+001,3.900000e+001
4.532000e+001,5.200000e+001
4.534000e+001,4.300000e+001
4.536000e+001,4.200000e+001
4.538000e+001,3.200000e+001
4.540000e+001,3.600000e+001
4.542000e+001,4.000000e+001
4.544000e+001,3.300000e+001
4.546000e+001,4.100000e+001
4.548000e+001,3.000000e+001
4.550000e+001,4.500000e+001
4.552000e+001,3.600000e+001
4.554000e+001,4.300000e+001
4.556000e+001,4.200000e+001
4.558000e+001,2.600000e+001
4.560000e+001,3.800000e+001
4.562000e+001,3.500000e+001
4.564000e+001,3.400000e+001
4.566000e+001,3.900000e+001
4.568000e+001,3.200000e+001
4.570000e+001,3.900000e+001
4.572000e+001,4.600000e+001
4.574000e+001,3.600000e+001
4.576000e+001,4.600000e+001
4.578000e+001,4.000000e+001
4.580000e+001,2.800000e+001
4.582000e+001,3.400000e+001
4.584000e+001,3.200000e+001
4.586000e+001,3.700000e+001
4.588000e+001,3.000000e+001
4.590000e+001,3.400000e+001
4.592000e+001,3.500000e+001
4.594000e+001,2.900000e+001
4.596000e+001,2.800000e+001
4.598000e+001,2.600000e+001
4.600000e+001,3.400000e+001
4.602000e+001,3.800000e+001
4.604000e+001,4.800000e+001
4.606000e+001,4.200000e+001
4.608000e+001,3.900000e+001
4.610000e+001,3.600000e+001
4.612000e+001,3.700000e+001
4.614000e+001,4.000000e+001
4.616000e+001,4.600000e+001
4.618000e+001,5.100000e+001
4.620000e+001,3.100000e+001
4.622000e+001,4.500000e+001
4.624000e+001,3.200000e+001
4.626000e+001,4.400000e+001
4.628000e+001,3.600000e+001
4.630000e+001,3.300000e+001
4.632000e+001,3.500000e+001
4.634000e+001,3.400000e+001
4.636000e+001,3.500000e+001
4.638000e+001,4.000000e+001
4.640000e+001,3.100000e+001
4.642000e+001,4.200000e+001
4.644000e+001,4.600000e+001
4.646000e+001,3.800000e+001
4.648000e+001,4.200000e+001
4.650000e+001,5.000000e+001
4.652000e+001,4.600000e+001
4.654000e+001,4.000000e+001
4.656000e+001,3.900000e+001
4.658000e+001,3.800000e+001
4.660000e+001,5.100000e+001
4.662000e+001,3.000000e+001
4.664000e+001,4.800000e+001
4.666000e+001,4.600000e+001
4.668000e+001,3.700000e+001
4.670000e+001,3.700000e+001
4.672000e+001,4.900000e+001
4.674000e+001,5.600000e+001
4.676000e+001,4.200000e+001
4.678000e+001,4.700000e+001
4.680000e+001,3.700000e+001
4.682000e+001,5.600000e+001
4.684000e+001,3.600000e+001
4.686000e+001,3.300000e+001
4.688000e+001,4.900000e+001
4.690000e+001,4.000000e+001
4.692000e+001,4.700000e+001
4.694000e+001,5.100000e+001
4.696000e+001,4.500000e+001
4.698000e+001,5.700000e+001
4.700000e+001,5.400000e+001
4.702000e+001,5.100000e+001
4.704000e+001,4.000000e+001
4.706000e+001,5.300000e+001
4.708000e+001,5.300000e+001
4.710000e+001,4.900000e+001
4.712000e+001,5.400000e+001
4.714000e+001,6.500000e+001
4.716000e+001,6.100000e+001
4.718000e+001,7.700000e+001
4.720000e+001,7.200000e+001
4.722000e+001,9.400000e+001
4.724000e+001,9.300000e+001
4.726000e+001,7.700000e+001
4.728000e+001,1.030000e+002
4.730000e+001,1.010000e+002
4.732000e+001,9.900000e+001
4.734000e+001,1.030000e+002
4.736000e+001,1.270000e+002
4.738000e+001,1.340000e+002
4.740000e+001,1.350000e+002
4.742000e+001,1.510000e+002
4.744000e+001,1.570000e+002
4.746000e+001,1.520000e+002
4.748000e+001,1.610000e+002
4.750000e+001,1.880000e+002
4.752000e+001,1.690000e+002
4.754000e+001,2.090000e+002
4.756000e+001,1.950000e+002
4.758000e+001,1.760000e+002
4.760000e+001,1.660000e+002
4.762000e+001,1.510000e+002
4.764000e+001,1.840000e+002
4.766000e+001,1.730000e+002
4.768000e+001,1.590000e+002
4.770000e+001,1.560000e+002
4.772000e+001,1.520000e+002
4.774000e+001,1.140000e+002
4.776000e+001,1.200000e+002
4.778000e+001,1.130000e+002
4.780000e+001,1.090000e+002
4.782000e+001,8.700000e+001
4.784000e+001,8.600000e+001
4.786000e+001,7.300000e+001
4.788000e+001,8.000000e+001
4.790000e+001,7.700000e+001
4.792000e+001,7.300000e+001
4.794000e+001,6.600000e+001
4.796000e+001,6.600000e+001
4.798000e+001,6.800000e+001
4.800000e+001,5.700000e+001
4.802000e+001,6.000000e+001
4.804000e+001,7.300000e+001
4.806000e+001,4.900000e+001
4.808000e+001,6.300000e+001
4.810000e+001,5.400000e+001
4.812000e+001,4.500000e+001
4.814000e+001,5.900000e+001
4.816000e+001,5.100000e+001
4.818000e+001,6.300000e+001
4.820000e+001,4.800000e+001
4.822000e+001,4.100000e+001
4.824000e+001,4.200000e+001
4.826000e+001,4.800000e+001
4.828000e+001,4.700000e+001
4.830000e+001,5.100000e+001
4.832000e+001,3.400000e+001
4.834000e+001,4.700000e+001
4.836000e+001,4.100000e+001
4.838000e+001,4.900000e+001
4.840000e+001,4.100000e+001
4.842000e+001,4.600000e+001
4.844000e+001,3.900000e+001
4.846000e+001,4.000000e+001
4.848000e+001,4.300000e+001
4.850000e+001,3.700000e+001
4.852000e+001,3.800000e+001
4.854000e+001,4.900000e+001
4.856000e+001,4.800000e+001
4.858000e+001,5.200000e+001
4.860000e+001,3.600000e+001
4.862000e+001,4.200000e+001
4.864000e+001,3.100000e+001
4.866000e+001,4.300000e+001
4.868000e+001,5.300000e+001
4.870000e+001,4.500000e+001
4.872000e+001,3.700000e+001
4.874000e+001,4.700000e+001
4.876000e+001,4.000000e+001
4.878000e+001,4.500000e+001
4.880000e+001,4.000000e+001
4.882000e+001,5.000000e+001
4.884000e+001,4.600000e+001
4.886000e+001,4.000000e+001
4.888000e+001,2.600000e+001
4.890000e+001,5.800000e+001
4.892000e+001,4.900000e+001
4.894000e+001,4.100000e+001
4.896000e+001,5.100000e+001
4.898000e+001,4.800000e+001
4.900000e+001,3.800000e+001
4.902000e+001,4.200000e+001
4.904000e+001,3.900000e+001
4.906000e+001,4.000000e+001
4.908000e+001,4.100000e+001
4.910000e+001,3.100000e+001
4.912000e+001,5.000000e+001
4.914000e+001,4.200000e+001
4.916000e+001,4.000000e+001
4.918000e+001,3.300000e+001
4.920000e+001,3.600000e+001
4.922000e+001,5.200000e+001
4.924000e+001,5.000000e+001
4.926000e+001,5.800000e+001
4.928000e+001,4.300000e+001
4.930000e+001,4.200000e+001
4.932000e+001,5.800000e+001
4.934000e+001,5.500000e+001
4.936000e+001,3.800000e+001
4.938000e+001,5.200000e+001
4.940000e+001,4.700000e+001
4.942000e+001,4.900000e+001
4.944000e+001,3.800000e+001
4.946000e+001,3.700000e+001
4.948000e+001,4.800000e+001
4.950000e+001,5.500000e+001
4.952000e+001,4.700000e+001
4.954000e+001,3.900000e+001
4.956000e+001,4.600000e+001
4.958000e+001,4.200000e+001
4.960000e+001,5.200000e+001
4.962000e+001,4.000000e+001
4.964000e+001,5.600000e+001
4.966000e+001,4.600000e+001
4.968000e+001,5.800000e+001
4.970000e+001,6.000000e+001
4.972000e+001,4.200000e+001
4.974000e+001,4.400000e+001
4.976000e+001,5.400000e+001
4.978000e+001,5.600000e+001
4.980000e+001,4.700000e+001
4.982000e+001,5.000000e+001
4.984000e+001,4.800000e+001
4.986000e+001,5.100000e+001
4.988000e+001,6.800000e+001
4.990000e+001,6.400000e+001
4.992000e+001,5.000000e+001
4.994000e+001,4.700000e+001
4.996000e+001,4.800000e+001
4.998000e+001,4.900000e+001
5.000000e+001,6.200000e+001
5.002000e+001,6.400000e+001
5.004000e+001,4.600000e+001
5.006000e+001,6.900000e+001
5.008000e+001,4.700000e+001
5.010000e+001,4.200000e+001
5.012000e+001,6.300000e+001
5.014000e+001,5.500000e+001
5.016000e+001,5.600000e+001
5.018000e+001,5.300000e+001
5.020000e+001,5.000000e+001
5.022000e+001,5.400000e+001
5.024000e+001,7.100000e+001
5.026000e+001,4.900000e+001
5.028000e+001,6.400000e+001
5.030000e+001,6.000000e+001
5.032000e+001,6.300000e+001
5.034000e+001,7.000000e+001
5.036000e+001,6.300000e+001
5.038000e+001,5.400000e+001
5.040000e+001,6.100000e+001
5.042000e+001,6.300000e+001
5.044000e+001,5.700000e+001
5.046000e+001,4.100000e+001
5.048000e+001,4.800000e+001
5.050000e+001,4.800000e+001
5.052000e+001,4.800000e+001
5.054000e+001,6.400000e+001
5.056000e+001,5.500000e+001
5.058000e+001,5.900000e+001
5.060000e+001,6.700000e+001
5.062000e+001,7.500000e+001
5.064000e+001,4.800000e+001
5.066000e+001,6.800000e+001
5.068000e+001,6.000000e+001
5.070000e+001,6.700000e+001
5.072000e+001,6.300000e+001
5.074000e+001,5.500000e+001
5.076000e+001,5.800000e+001
5.078000e+001,6.300000e+001
5.080000e+001,6.300000e+001
5.082000e+001,7.000000e+001
5.084000e+001,7.200000e+001
5.086000e+001,6.000000e+001
5.088000e+001,6.300000e+001
5.090000e+001,5.900000e+001
5.092000e+001,6.900000e+001
5.094000e+001,5.600000e+001
5.096000e+001,6.400000e+001
5.098000e+001,5.500000e+001
5.100000e+001,5.800000e+001
5.102000e+001,5.200000e+001
5.104000e+001,5.500000e+001
5.106000e+001,6.100000e+001
5.108000e+001,5.700000e+001
5.110000e+001,6.500000e+001
5.112000e+001,5.500000e+001
5.114000e+001,5.400000e+001
5.116000e+001,5.100000e+001
5.118000e+001,5.400000e+001
5.120000e+001,5.600000e+001
5.122000e+001,5.600000e+001
5.124000e+001,5.100000e+001
5.126000e+001,5.100000e+001
5.128000e+001,5.900000e+001
5.130000e+001,5.800000e+001
5.132000e+001,5.800000e+001
5.134000e+001,4.900000e+001
5.136000e+001,6.000000e+001
5.138000e+001,6.700000e+001
5.140000e+001,5.500000e+001
5.142000e+001,4.900000e+001
5.144000e+001,4.500000e+001
5.146000e+001,5.600000e+001
5.148000e+001,6.600000e+001
5.150000e+001,5.000000e+001
5.152000e+001,4.900000e+001
5.154000e+001,5.100000e+001
5.156000e+001,5.000000e+001
5.158000e+001,5.400000e+001
5.160000e+001,4.500000e+001
5.162000e+001,5.900000e+001
5.164000e+001,6.800000e+001
5.166000e+001,4.200000e+001
5.168000e+001,5.200000e+001
5.170000e+001,5.600000e+001
5.172000e+001,5.900000e+001
5.174000e+001,5.300000e+001
5.176000e+001,6.700000e+001
5.178000e+001,6.500000e+001
5.180000e+001,4.000000e+001
5.182000e+001,5.200000e+001
5.184000e+001,5.600000e+001
5.186000e+001,4.000000e+001
5.188000e+001,4.800000e+001
5.190000e+001,5.400000e+001
5.192000e+001,5.900000e+001
5.194000e+001,5.500000e+001
5.196000e+001,4.500000e+001
5.198000e+001,5.100000e+001
5.200000e+001,5.700000e+001
5.202000e+001,5.100000e+001
5.204000e+001,5.600000e+001
5.206000e+001,5.200000e+001
5.208000e+001,4.300000e+001
5.210000e+001,5.000000e+001
5.212000e+001,5.200000e+001
5.214000e+001,3.800000e+001
5.216000e+001,4.800000e+001
5.218000e+001,5.000000e+001
5.220000e+001,4.600000e+001
5.222000e+001,3.500000e+001
5.224000e+001,5.200000e+001
5.226000e+001,5.200000e+001
5.228000e+001,4.900000e+001
5.230000e+001,4.400000e+001
5.232000e+001,4.100000e+001
5.234000e+001,5.000000e+001
5.236000e+001,4.200000e+001
5.238000e+001,4.900000e+001
5.240000e+001,5.600000e+001
5.242000e+001,4.900000e+001
5.244000e+001,5.000000e+001
5.246000e+001,4.500000e+001
5.248000e+001,3.900000e+001
5.250000e+001,3.600000e+001
5.252000e+001,4.200000e+001
5.254000e+001,4.500000e+001
5.256000e+001,5.100000e+001
5.258000e+001,4.700000e+001
5.260000e+001,5.000000e+001
5.262000e+001,4.100000e+001
5.264000e+001,4.400000e+001
5.266000e+001,3.600000e+001
5.268000e+001,3.700000e+001
5.270000e+001,5.300000e+001
5.272000e+001,4.800000e+001
5.274000e+001,4.900000e+001
5.276000e+001,4.100000e+001
5.278000e+001,4.000000e+001
5.280000e+001,3.800000e+001
5.282000e+001,3.900000e+001
5.284000e+001,4.000000e+001
5.286000e+001,4.700000e+001
5.288000e+001,4.900000e+001
5.290000e+001,3.200000e+001
5.292000e+001,3.000000e+001
5.294000e+001,3.800000e+001
5.296000e+001,5.100000e+001
5.298000e+001,4.400000e+001
5.300000e+001,4.000000e+001
5.302000e+001,4.200000e+001
5.304000e+001,4.800000e+001
5.306000e+001,4.400000e+001
5.308000e+001,3.800000e+001
5.310000e+001,4.000000e+001
5.312000e+001,4.100000e+001
5.314000e+001,3.200000e+001
5.316000e+001,4.300000e+001
5.318000e+001,4.200000e+001
5.320000e+001,3.400000e+001
5.322000e+001,4.400000e+001
5.324000e+001,3.800000e+001
5.326000e+001,3.400000e+001
5.328000e+001,3.600000e+001
5.330000e+001,4.100000e+001
5.332000e+001,3.200000e+001
5.334000e+001,3.900000e+001
5.336000e+001,4.000000e+001
5.338000e+001,4.000000e+001
5.340000e+001,5.000000e+001
5.342000e+001,2.900000e+001
5.344000e+001,5.500000e+001
5.346000e+001,3.900000e+001
5.348000e+001,4.200000e+001
5.350000e+001,3.500000e+001
5.352000e+001,3.500000e+001
5.354000e+001,3.800000e+001
5.356000e+001,4.800000e+001
5.358000e+001,4.800000e+001
5.360000e+001,4.600000e+001
5.362000e+001,4.500000e+001
5.364000e+001,2.700000e+001
5.366000e+001,3.800000e+001
5.368000e+001,4.000000e+001
5.370000e+001,3.100000e+001
5.372000e+001,3.700000e+001
5.374000e+001,3.900000e+001
5.376000e+001,2.500000e+001
5.378000e+001,3.100000e+001
5.380000e+001,4.500000e+001
5.382000e+001,4.100000e+001
5.384000e+001,3.800000e+001
5.386000e+001,4.100000e+001
5.388000e+001,3.100000e+001
5.390000e+001,2.600000e+001
5.392000e+001,2.700000e+001
5.394000e+001,4.100000e+001
5.396000e+001,4.500000e+001
5.398000e+001,2.600000e+001
5.400000e+001,3.300000e+001
5.402000e+001,3.200000e+001
5.404000e+001,2.700000e+001
5.406000e+001,3.600000e+001
5.408000e+001,3.300000e+001
5.410000e+001,3.200000e+001
5.412000e+001,2.900000e+001
5.414000e+001,2.900000e+001
5.416000e+001,3.300000e+001
5.418000e+001,2.900000e+001
5.420000e+001,4.300000e+001
5.422000e+001,3.300000e+001
5.424000e+001,3.200000e+001
5.426000e+001,2.700000e+001
5.428000e+001,3.300000e+001
5.430000e+001,3.600000e+001
5.432000e+001,3.900000e+001
5.434000e+001,3.400000e+001
5.436000e+001,3.500000e+001
5.438000e+001,4.000000e+001
5.440000e+001,3.000000e+001
5.442000e+001,2.900000e+001
5.444000e+001,3.900000e+001
5.446000e+001,3.200000e+001
5.448000e+001,3.100000e+001
5.450000e+001,4.000000e+001
5.452000e+001,4.800000e+001
5.454000e+001,3.300000e+001
5.456000e+001,3.300000e+001
5.458000e+001,3.000000e+001
5.460000e+001,3.200000e+001
5.462000e+001,3.400000e+001
5.464000e+001,3.500000e+001
5.466000e+001,2.100000e+001
5.468000e+001,1.700000e+001
5.470000e+001,3.200000e+001
5.472000e+001,3.400000e+001
5.474000e+001,4.000000e+001
5.476000e+001,3.500000e+001
5.478000e+001,3.500000e+001
5.480000e+001,4.000000e+001
5.482000e+001,2.800000e+001
5.484000e+001,3.000000e+001
5.486000e+001,4.100000e+001
5.488000e+001,3.400000e+001
5.490000e+001,3.800000e+001
5.492000e+001,4.600000e+001
5.494000e+001,4.900000e+001
5.496000e+001,2.900000e+001
5.498000e+001,4.100000e+001
5.500000e+001,2.200000e+001
5.502000e+001,2.700000e+001
5.504000e+001,4.100000e+001
5.506000e+001,3.400000e+001
5.508000e+001,4.400000e+001
5.510000e+001,3.800000e+001
5.512000e+001,2.900000e+001
5.514000e+001,3.500000e+001
5.516000e+001,3.900000e+001
5.518000e+001,4.300000e+001
5.520000e+001,4.300000e+001
5.522000e+001,4.800000e+001
5.524000e+001,3.900000e+001
5.526000e+001,4.200000e+001
5.528000e+001,3.200000e+001
5.530000e+001,3.600000e+001
5.532000e+001,4.500000e+001
5.534000e+001,3.700000e+001
5.536000e+001,3.100000e+001
5.538000e+001,4.200000e+001
5.540000e+001,3.900000e+001
5.542000e+001,3.100000e+001
5.544000e+001,3.300000e+001
5.546000e+001,4.600000e+001
5.548000e+001,3.800000e+001
5.550000e+001,4.200000e+001
5.552000e+001,3.000000e+001
5.554000e+001,4.200000e+001
5.556000e+001,3.600000e+001
5.558000e+001,4.100000e+001
5.560000e+001,3.000000e+001
5.562000e+001,4.400000e+001
5.564000e+001,3.600000e+001
5.566000e+001,4.400000e+001
5.568000e+001,3.900000e+001
5.570000e+001,3.800000e+001
5.572000e+001,3.600000e+001
5.574000e+001,3.300000e+001
5.576000e+001,3.400000e+001
5.578000e+001,4.500000e+001
5.580000e+001,4.500000e+001
5.582000e+001,3.500000e+001
5.584000e+001,4.500000e+001
5.586000e+001,4.100000e+001
5.588000e+001,5.000000e+001
5.590000e+001,4.700000e+001
5.592000e+001,4.300000e+001
5.594000e+001,3.800000e+001
5.596000e+001,4.900000e+001
5.598000e+001,5.000000e+001
5.600000e+001,4.500000e+001
5.602000e+001,4.600000e+001
5.604000e+001,4.900000e+001
5.606000e+001,5.800000e+001
5.608000e+001,4.800000e+001
5.610000e+001,5.700000e+001
5.612000e+001,5.800000e+001
5.614000e+001,6.300000e+001
5.616000e+001,5.400000e+001
5.618000e+001,7.600000e+001
5.620000e+001,7.400000e+001
5.622000e+001,7.300000e+001
5.624000e+001,7.100000e+001
5.626000e+001,8.200000e+001
5.628000e+001,1.000000e+002
5.630000e+001,9.400000e+001
5.632000e+001,1.060000e+002
5.634000e+001,1.110000e+002
5.636000e+001,1.200000e+002
5.638000e+001,1.410000e+002
5.640000e+001,1.540000e+002
5.642000e+001,1.950000e+002
5.644000e+001,2.310000e+002
5.646000e+001,2.600000e+002
5.648000e+001,2.680000e+002
5.650000e+001,2.990000e+002
5.652000e+001,3.740000e+002
5.654000e+001,3.710000e+002
5.656000e+001,4.090000e+002
5.658000e+001,4.550000e+002
5.660000e+001,4.250000e+002
5.662000e+001,4.150000e+002
5.664000e+001,4.360000e+002
5.666000e+001,4.430000e+002
5.668000e+001,3.780000e+002
5.670000e+001,3.400000e+002
5.672000e+001,3.460000e+002
5.674000e+001,3.230000e+002
5.676000e+001,2.990000e+002
5.678000e+001,2.980000e+002
5.680000e+001,2.330000e+002
5.682000e+001,2.200000e+002
5.684000e+001,2.230000e+002
5.686000e+001,1.630000e+002
5.688000e+001,1.540000e+002
5.690000e+001,1.280000e+002
5.692000e+001,1.180000e+002
5.694000e+001,9.800000e+001
5.696000e+001,9.700000e+001
5.698000e+001,8.100000e+001
5.700000e+001,7.800000e+001
5.702000e+001,8.600000e+001
5.704000e+001,7.200000e+001
5.706000e+001,7.000000e+001
5.708000e+001,6.900000e+001
5.710000e+001,5.900000e+001
5.712000e+001,5.300000e+001
5.714000e+001,5.400000e+001
5.716000e+001,5.600000e+001
5.718000e+001,6.000000e+001
5.720000e+001,3.800000e+001
5.722000e+001,5.600000e+001
5.724000e+001,5.600000e+001
5.726000e+001,4.600000e+001
5.728000e+001,5.100000e+001
5.730000e+001,4.700000e+001
5.732000e+001,4.600000e+001
5.734000e+001,2.700000e+001
5.736000e+001,4.400000e+001
5.738000e+001,4.000000e+001
5.740000e+001,4.200000e+001
5.742000e+001,2.900000e+001
5.744000e+001,4.300000e+001
5.746000e+001,2.500000e+001
5.748000e+001,4.700000e+001
5.750000e+001,3.500000e+001
5.752000e+001,4.500000e+001
5.754000e+001,5.000000e+001
5.756000e+001,3.400000e+001
5.758000e+001,5.100000e+001
5.760000e+001,5.000000e+001
5.762000e+001,3.100000e+001
5.764000e+001,2.900000e+001
5.766000e+001,3.400000e+001
5.768000e+001,4.200000e+001
5.770000e+001,3.400000e+001
5.772000e+001,3.900000e+001
5.774000e+001,4.200000e+001
5.776000e+001,3.700000e+001
5.778000e+001,4.700000e+001
5.780000e+001,4.900000e+001
5.782000e+001,4.200000e+001
5.784000e+001,5.300000e+001
5.786000e+001,4.400000e+001
5.788000e+001,3.500000e+001
5.790000e+001,4.400000e+001
5.792000e+001,4.900000e+001
5.794000e+001,5.900000e+001
5.796000e+001,5.400000e+001
5.798000e+001,5.800000e+001
5.800000e+001,4.900000e+001
5.802000e+001,5.200000e+001
5.804000e+001,5.000000e+001
5.806000e+001,3.900000e+001
5.808000e+001,4.600000e+001
5.810000e+001,4.300000e+001
5.812000e+001,5.000000e+001
5.814000e+001,4.900000e+001
5.816000e+001,6.500000e+001
5.818000e+001,4.900000e+001
5.820000e+001,5.200000e+001
5.822000e+001,5.100000e+001
5.824000e+001,5.000000e+001
5.826000e+001,7.900000e+001
5.828000e+001,6.300000e+001
5.830000e+001,6.900000e+001
5.832000e+001,6.300000e+001
5.834000e+001,6.900000e+001
5.836000e+001,7.800000e+001
5.838000e+001,9.000000e+001
5.840000e+001,7.800000e+001
5.842000e+001,8.100000e+001
5.844000e+001,9.500000e+001
5.846000e+001,7.900000e+001
5.848000e+001,9.100000e+001
5.850000e+001,1.070000e+002
5.852000e+001,1.030000e+002
5.854000e+001,9.400000e+001
5.856000e+001,1.150000e+002
5.858000e+001,9.400000e+001
5.860000e+001,1.010000e+002
5.862000e+001,1.090000e+002
5.864000e+001,9.500000e+001
5.866000e+001,9.200000e+001
5.868000e+001,1.160000e+002
5.870000e+001,9.300000e+001
5.872000e+001,1.010000e+002
5.874000e+001,8.900000e+001
5.876000e+001,7.300000e+001
5.878000e+001,9.400000e+001
5.880000e+001,9.200000e+001
5.882000e+001,8.600000e+001
5.884000e+001,7.800000e+001
5.886000e+001,7.000000e+001
5.888000e+001,5.800000e+001
5.890000e+001,6.900000e+001
5.892000e+001,6.100000e+001
5.894000e+001,6.900000e+001
5.896000e+001,7.000000e+001
5.898000e+001,5.700000e+001
5.900000e+001,4.300000e+001
5.902000e+001,5.200000e+001
5.904000e+001,5.000000e+001
5.906000e+001,6.000000e+001
5.908000e+001,5.500000e+001
5.910000e+001,5.300000e+001
5.912000e+001,5.900000e+001
5.914000e+001,5.500000e+001
5.916000e+001,5.400000e+001
5.918000e+001,4.900000e+001
5.920000e+001,5.200000e+001
5.922000e+001,6.500000e+001
5.924000e+001,5.200000e+001
5.926000e+001,5.100000e+001
5.928000e+001,5.800000e+001
5.930000e+001,5.800000e+001
5.932000e+001,6.000000e+001
5.934000e+001,5.600000e+001
5.936000e+001,5.400000e+001
5.938000e+001,4.900000e+001
5.940000e+001,4.000000e+001
5.942000e+001,4.100000e+001
5.944000e+001,6.800000e+001
5.946000e+001,6.200000e+001
5.948000e+001,6.500000e+001
5.950000e+001,4.800000e+001
5.952000e+001,4.900000e+001
5.954000e+001,5.800000e+001
5.956000e+001,5.600000e+001
5.958000e+001,4.900000e+001
5.960000e+001,4.900000e+001
5.962000e+001,7.600000e+001
5.964000e+001,6.300000e+001
5.966000e+001,6.000000e+001
5.968000e+001,5.700000e+001
5.970000e+001,4.200000e+001
5.972000e+001,5.900000e+001
5.974000e+001,7.000000e+001
5.976000e+001,5.200000e+001
5.978000e+001,6.700000e+001
5.980000e+001,7.100000e+001
5.982000e+001,7.500000e+001
5.984000e+001,5.900000e+001
5.986000e+001,5.900000e+001
5.988000e+001,6.100000e+001
5.990000e+001,6.900000e+001
5.992000e+001,7.100000e+001
5.994000e+001,7.000000e+001
5.996000e+001,6.900000e+001
5.998000e+001,5.600000e+001
6.000000e+001,6.600000e+001
6.002000e+001,6.100000e+001
6.004000e+001,6.500000e+001
6.006000e+001,6.100000e+001
6.008000e+001,5.300000e+001
6.010000e+001,6.200000e+001
6.012000e+001,5.800000e+001
6.014000e+001,6.000000e+001
6.016000e+001,5.500000e+001
6.018000e+001,4.900000e+001
6.020000e+001,6.300000e+001
6.022000e+001,6.900000e+001
6.024000e+001,5.600000e+001
6.026000e+001,5.700000e+001
6.028000e+001,7.400000e+001
6.030000e+001,5.200000e+001
6.032000e+001,5.300000e+001
6.034000e+001,4.400000e+001
6.036000e+001,6.300000e+001
6.038000e+001,5.700000e+001
6.040000e+001,5.600000e+001
6.042000e+001,5.500000e+001
6.044000e+001,5.600000e+001
6.046000e+001,4.400000e+001
6.048000e+001,6.100000e+001
6.050000e+001,7.100000e+001
6.052000e+001,5.300000e+001
6.054000e+001,5.900000e+001
6.056000e+001,6.800000e+001
6.058000e+001,6.600000e+001
6.060000e+001,6.200000e+001
6.062000e+001,6.000000e+001
6.064000e+001,4.800000e+001
6.066000e+001,6.700000e+001
6.068000e+001,4.700000e+001
6.070000e+001,5.300000e+001
6.072000e+001,5.300000e+001
6.074000e+001,4.700000e+001
6.076000e+001,7.400000e+001
6.078000e+001,4.500000e+001
6.080000e+001,5.200000e+001
6.082000e+001,4.400000e+001
6.084000e+001,5.400000e+001
6.086000e+001,6.200000e+001
6.088000e+001,5.700000e+001
6.090000e+001,4.700000e+001
6.092000e+001,4.200000e+001
6.094000e+001,4.900000e+001
6.096000e+001,6.200000e+001
6.098000e+001,6.200000e+001
6.100000e+001,5.500000e+001
6.102000e+001,6.200000e+001
6.104000e+001,6.500000e+001
6.106000e+001,3.700000e+001
6.108000e+001,4.900000e+001
6.110000e+001,5.100000e+001
6.112000e+001,4.600000e+001
6.114000e+001,4.100000e+001
6.116000e+001,6.100000e+001
6.118000e+001,4.600000e+001
6.120000e+001,6.800000e+001
6.122000e+001,5.400000e+001
6.124000e+001,6.400000e+001
6.126000e+001,4.800000e+001
6.128000e+001,6.100000e+001
6.130000e+001,6.000000e+001
6.132000e+001,5.400000e+001
6.134000e+001,4.900000e+001
6.136000e+001,5.400000e+001
6.138000e+001,5.400000e+001
6.140000e+001,6.000000e+001
6.142000e+001,4.800000e+001
6.144000e+001,6.900000e+001
6.146000e+001,5.300000e+001
6.148000e+001,5.000000e+001
6.150000e+001,6.300000e+001
6.152000e+001,6.200000e+001
6.154000e+001,4.800000e+001
6.156000e+001,5.800000e+001
6.158000e+001,5.700000e+001
6.160000e+001,5.600000e+001
6.162000e+001,6.500000e+001
6.164000e+001,5.700000e+001
6.166000e+001,5.600000e+001
6.168000e+001,7.300000e+001
6.170000e+001,6.100000e+001
6.172000e+001,5.700000e+001
6.174000e+001,6.200000e+001
6.176000e+001,7.100000e+001
6.178000e+001,6.200000e+001
6.180000e+001,5.400000e+001
6.182000e+001,5.900000e+001
6.184000e+001,4.900000e+001
6.186000e+001,7.100000e+001
6.188000e+001,5.500000e+001
6.190000e+001,5.500000e+001
6.192000e+001,5.100000e+001
6.194000e+001,5.900000e+001
6.196000e+001,6.700000e+001
6.198000e+001,6.200000e+001
6.200000e+001,5.500000e+001
6.202000e+001,6.500000e+001
6.204000e+001,6.800000e+001
6.206000e+001,6.600000e+001
6.208000e+001,6.800000e+001
6.210000e+001,5.700000e+001
6.212000e+001,6.300000e+001
6.214000e+001,5.300000e+001
6.216000e+001,6.100000e+001
6.218000e+001,4.900000e+001
6.220000e+001,6.500000e+001
6.222000e+001,5.700000e+001
6.224000e+001,6.500000e+001
6.226000e+001,6.000000e+001
6.228000e+001,6.700000e+001
6.230000e+001,7.300000e+001
6.232000e+001,8.500000e+001
6.234000e+001,8.900000e+001
6.236000e+001,8.200000e+001
6.238000e+001,8.300000e+001
6.240000e+001,9.600000e+001
6.242000e+001,1.010000e+002
6.244000e+001,7.000000e+001
6.246000e+001,9.200000e+001
6.248000e+001,9.000000e+001
6.250000e+001,1.050000e+002
6.252000e+001,1.020000e+002
6.254000e+001,9.900000e+001
6.256000e+001,1.200000e+002
6.258000e+001,1.380000e+002
6.260000e+001,1.300000e+002
6.262000e+001,1.360000e+002
6.264000e+001,1.580000e+002
6.266000e+001,1.680000e+002
6.268000e+001,1.610000e+002
6.270000e+001,2.060000e+002
6.272000e+001,1.930000e+002
6.274000e+001,2.160000e+002
6.276000e+001,2.350000e+002
6.278000e+001,2.460000e+002
6.280000e+001,2.880000e+002
6.282000e+001,2.960000e+002
6.284000e+001,3.020000e+002
6.286000e+001,2.870000e+002
6.288000e+001,2.740000e+002
6.290000e+001,2.880000e+002
6.292000e+001,2.540000e+002
6.294000e+001,2.480000e+002
6.296000e+001,2.720000e+002
6.298000e+001,2.310000e+002
6.300000e+001,2.260000e+002
6.302000e+001,2.450000e+002
6.304000e+001,2.050000e+002
6.306000e+001,1.810000e+002
6.308000e+001,1.790000e+002
6.310000e+001,1.270000e+002
6.312000e+001,1.270000e+002
6.314000e+001,1.340000e+002
6.316000e+001,1.170000e+002
6.318000e+001,1.010000e+002
6.320000e+001,1.170000e+002
6.322000e+001,1.120000e+002
6.324000e+001,9.200000e+001
6.326000e+001,8.000000e+001
6.328000e+001,7.900000e+001
6.330000e+001,8.400000e+001
6.332000e+001,7.500000e+001
6.334000e+001,7.700000e+001
6.336000e+001,7.500000e+001
6.338000e+001,8.100000e+001
6.340000e+001,6.000000e+001
6.342000e+001,7.300000e+001
6.344000e+001,5.300000e+001
6.346000e+001,6.700000e+001
6.348000e+001,6.200000e+001
6.350000e+001,4.600000e+001
6.352000e+001,5.800000e+001
6.354000e+001,5.100000e+001
6.356000e+001,6.300000e+001
6.358000e+001,4.000000e+001
6.360000e+001,4.700000e+001
6.362000e+001,5.000000e+001
6.364000e+001,5.500000e+001
6.366000e+001,4.700000e+001
6.368000e+001,4.500000e+001
6.370000e+001,5.200000e+001
6.372000e+001,5.000000e+001
6.374000e+001,4.200000e+001
6.376000e+001,5.400000e+001
6.378000e+001,4.200000e+001
6.380000e+001,4.000000e+001
6.382000e+001,4.600000e+001
6.384000e+001,4.500000e+001
6.386000e+001,4.800000e+001
6.388000e+001,4.900000e+001
6.390000e+001,3.700000e+001
6.392000e+001,4.700000e+001
6.394000e+001,4.000000e+001
6.396000e+001,6.100000e+001
6.398000e+001,4.500000e+001
6.400000e+001,4.600000e+001
6.402000e+001,4.500000e+001
6.404000e+001,4.600000e+001
6.406000e+001,5.000000e+001
6.408000e+001,3.800000e+001
6.410000e+001,4.400000e+001
6.412000e+001,4.700000e+001
6.414000e+001,3.000000e+001
6.416000e+001,5.700000e+001
6.418000e+001,3.400000e+001
6.420000e+001,2.700000e+001
6.422000e+001,3.500000e+001
6.424000e+001,5.000000e+001
6.426000e+001,5.200000e+001
6.428000e+001,3.300000e+001
6.430000e+001,3.000000e+001
6.432000e+001,4.400000e+001
6.434000e+001,3.400000e+001
6.436000e+001,5.000000e+001
6.438000e+001,3.400000e+001
6.440000e+001,3.200000e+001
6.442000e+001,4.900000e+001
6.444000e+001,5.600000e+001
6.446000e+001,4.700000e+001
6.448000e+001,3.600000e+001
6.450000e+001,3.400000e+001
6.452000e+001,4.500000e+001
6.454000e+001,2.800000e+001
6.456000e+001,2.900000e+001
6.458000e+001,3.500000e+001
6.460000e+001,5.200000e+001
6.462000e+001,3.000000e+001
6.464000e+001,4.400000e+001
6.466000e+001,3.700000e+001
6.468000e+001,2.800000e+001
6.470000e+001,4.300000e+001
6.472000e+001,3.900000e+001
6.474000e+001,3.200000e+001
6.476000e+001,4.000000e+001
6.478000e+001,5.100000e+001
6.480000e+001,4.100000e+001
6.482000e+001,4.900000e+001
6.484000e+001,5.000000e+001
6.486000e+001,2.700000e+001
6.488000e+001,4.200000e+001
6.490000e+001,3.400000e+001
6.492000e+001,3.100000e+001
6.494000e+001,2.500000e+001
6.496000e+001,2.800000e+001
6.498000e+001,3.500000e+001
6.500000e+001,3.300000e+001
6.502000e+001,4.800000e+001
6.504000e+001,4.000000e+001
6.506000e+001,3.600000e+001
6.508000e+001,3.300000e+001
6.510000e+001,3.600000e+001
6.512000e+001,3.100000e+001
6.514000e+001,3.600000e+001
6.516000e+001,4.200000e+001
6.518000e+001,2.700000e+001
6.520000e+001,3.900000e+001
6.522000e+001,3.400000e+001
6.524000e+001,3.100000e+001
6.526000e+001,3.700000e+001
6.528000e+001,3.900000e+001
6.530000e+001,4.500000e+001
6.532000e+001,3.100000e+001
6.534000e+001,2.800000e+001
6.536000e+001,3.100000e+001
6.538000e+001,4.100000e+001
6.540000e+001,2.600000e+001
6.542000e+001,4.300000e+001
6.544000e+001,4.400000e+001
6.546000e+001,4.200000e+001
6.548000e+001,3.900000e+001
6.550000e+001,3.100000e+001
6.552000e+001,3.000000e+001
6.554000e+001,3.500000e+001
6.556000e+001,4.400000e+001
6.558000e+001,3.500000e+001
6.560000e+001,3.100000e+001
6.562000e+001,2.600000e+001
6.564000e+001,3.700000e+001
6.566000e+001,3.400000e+001
6.568000e+001,3.700000e+001
6.570000e+001,2.000000e+001
6.572000e+001,3.800000e+001
6.574000e+001,4.400000e+001
6.576000e+001,4.400000e+001
6.578000e+001,3.800000e+001
6.580000e+001,4.000000e+001
6.582000e+001,3.000000e+001
6.584000e+001,3.800000e+001
6.586000e+001,3.700000e+001
6.588000e+001,4.400000e+001
6.590000e+001,4.400000e+001
6.592000e+001,2.600000e+001
6.594000e+001,2.900000e+001
6.596000e+001,4.900000e+001
6.598000e+001,4.000000e+001
6.600000e+001,4.700000e+001
6.602000e+001,4.600000e+001
6.604000e+001,3.100000e+001
6.606000e+001,3.400000e+001
6.608000e+001,4.600000e+001
6.610000e+001,3.400000e+001
6.612000e+001,3.700000e+001
6.614000e+001,4.500000e+001
6.616000e+001,4.200000e+001
6.618000e+001,5.400000e+001
6.620000e+001,5.600000e+001
6.622000e+001,5.800000e+001
6.624000e+001,4.300000e+001
6.626000e+001,5.600000e+001
6.628000e+001,7.200000e+001
6.630000e+001,7.000000e+001
6.632000e+001,6.900000e+001
6.634000e+001,8.000000e+001
6.636000e+001,7.900000e+001
6.638000e+001,6.900000e+001
6.640000e+001,8.000000e+001
6.642000e+001,6.300000e+001
6.644000e+001,8.600000e+001
6.646000e+001,7.000000e+001
6.648000e+001,6.000000e+001
6.650000e+001,5.300000e+001
6.652000e+001,7.200000e+001
6.654000e+001,7.400000e+001
6.656000e+001,6.000000e+001
6.658000e+001,6.000000e+001
6.660000e+001,5.200000e+001
6.662000e+001,7.400000e+001
6.664000e+001,4.900000e+001
6.666000e+001,4.600000e+001
6.668000e+001,5.200000e+001
6.670000e+001,4.700000e+001
6.672000e+001,5.000000e+001
6.674000e+001,4.700000e+001
6.676000e+001,5.000000e+001
6.678000e+001,4.300000e+001
6.680000e+001,4.300000e+001
6.682000e+001,4.700000e+001
6.684000e+001,3.900000e+001
6.686000e+001,3.600000e+001
6.688000e+001,3.800000e+001
6.690000e+001,4.000000e+001
6.692000e+001,3.200000e+001
6.694000e+001,4.100000e+001
6.696000e+001,4.200000e+001
6.698000e+001,3.800000e+001
6.700000e+001,3.300000e+001
6.702000e+001,2.800000e+001
6.704000e+001,3.900000e+001
6.706000e+001,4.400000e+001
6.708000e+001,3.200000e+001
6.710000e+001,4.200000e+001
6.712000e+001,3.900000e+001
6.714000e+001,3.200000e+001
6.716000e+001,2.500000e+001
6.718000e+001,4.000000e+001
6.720000e+001,3.300000e+001
6.722000e+001,4.200000e+001
6.724000e+001,3.400000e+001
6.726000e+001,4.100000e+001
6.728000e+001,3.400000e+001
6.730000e+001,5.400000e+001
6.732000e+001,4.500000e+001
6.734000e+001,4.400000e+001
6.736000e+001,4.100000e+001
6.738000e+001,4.700000e+001
6.740000e+001,3.900000e+001
6.742000e+001,4.400000e+001
6.744000e+001,4.000000e+001
6.746000e+001,7.000000e+001
6.748000e+001,4.600000e+001
6.750000e+001,4.800000e+001
6.752000e+001,6.800000e+001
6.754000e+001,7.500000e+001
6.756000e+001,6.100000e+001
6.758000e+001,7.500000e+001
6.760000e+001,8.000000e+001
6.762000e+001,8.800000e+001
6.764000e+001,9.300000e+001
6.766000e+001,8.800000e+001
6.768000e+001,1.070000e+002
6.770000e+001,1.110000e+002
6.772000e+001,1.200000e+002
6.774000e+001,1.320000e+002
6.776000e+001,1.440000e+002
6.778000e+001,1.700000e+002
6.780000e+001,1.930000e+002
6.782000e+001,1.990000e+002
6.784000e+001,2.180000e+002
6.786000e+001,2.610000e+002
6.788000e+001,2.900000e+002
6.790000e+001,2.830000e+002
6.792000e+001,2.710000e+002
6.794000e+001,2.900000e+002
6.796000e+001,2.950000e+002
6.798000e+001,2.900000e+002
6.800000e+001,2.870000e+002
6.802000e+001,2.600000e+002
6.804000e+001,2.560000e+002
6.806000e+001,2.190000e+002
6.808000e+001,2.410000e+002
6.810000e+001,2.250000e+002
6.812000e+001,2.350000e+002
6.814000e+001,1.700000e+002
6.816000e+001,1.820000e+002
6.818000e+001,1.630000e+002
6.820000e+001,1.620000e+002
6.822000e+001,1.460000e+002
6.824000e+001,1.270000e+002
6.826000e+001,9.800000e+001
6.828000e+001,1.060000e+002
6.830000e+001,9.200000e+001
6.832000e+001,9.000000e+001
6.834000e+001,7.400000e+001
6.836000e+001,8.000000e+001
6.838000e+001,5.500000e+001
6.840000e+001,6.200000e+001
6.842000e+001,6.500000e+001
6.844000e+001,5.500000e+001
6.846000e+001,5.400000e+001
6.848000e+001,6.100000e+001
6.850000e+001,5.300000e+001
6.852000e+001,7.000000e+001
6.854000e+001,6.100000e+001
6.856000e+001,6.900000e+001
6.858000e+001,5.400000e+001
6.860000e+001,4.900000e+001
6.862000e+001,6.800000e+001
6.864000e+001,4.700000e+001
6.866000e+001,6.100000e+001
6.868000e+001,6.700000e+001
6.870000e+001,6.300000e+001
6.872000e+001,7.600000e+001
6.874000e+001,6.500000e+001
6.876000e+001,5.800000e+001
6.878000e+001,7.600000e+001
6.880000e+001,7.700000e+001
6.882000e+001,7.600000e+001
6.884000e+001,8.500000e+001
6.886000e+001,8.100000e+001
6.888000e+001,9.900000e+001
6.890000e+001,9.900000e+001
6.892000e+001,1.140000e+002
6.894000e+001,1.200000e+002
6.896000e+001,1.080000e+002
6.898000e+001,1.570000e+002
6.900000e+001,1.370000e+002
6.902000e+001,1.460000e+002
6.904000e+001,1.550000e+002
6.906000e+001,1.350000e+002
6.908000e+001,1.520000e+002
6.910000e+001,1.730000e+002
6.912000e+001,1.310000e+002
6.914000e+001,1.540000e+002
6.916000e+001,1.360000e+002
6.918000e+001,1.350000e+002
6.920000e+001,1.410000e+002
6.922000e+001,1.200000e+002
6.924000e+001,1.210000e+002
6.926000e+001,1.290000e+002
6.928000e+001,1.260000e+002
6.930000e+001,1.200000e+002
6.932000e+001,1.010000e+002
6.934000e+001,7.900000e+001
6.936000e+001,9.200000e+001
6.938000e+001,8.500000e+001
6.940000e+001,7.900000e+001
6.942000e+001,9.000000e+001
6.944000e+001,8.700000e+001
6.946000e+001,7.800000e+001
6.948000e+001,6.600000e+001
6.950000e+001,6.800000e+001
6.952000e+001,6.600000e+001
6.954000e+001,6.600000e+001
6.956000e+001,4.500000e+001
6.958000e+001,6.100000e+001
6.960000e+001,4.500000e+001
6.962000e+001,5.300000e+001
6.964000e+001,5.400000e+001
6.966000e+001,3.600000e+001
6.968000e+001,5.500000e+001
6.970000e+001,4.700000e+001
6.972000e+001,4.300000e+001
6.974000e+001,5.100000e+001
6.976000e+001,4.400000e+001
6.978000e+001,4.800000e+001
6.980000e+001,5.200000e+001
6.982000e+001,3.400000e+001
6.984000e+001,4.400000e+001
6.986000e+001,4.000000e+001
6.988000e+001,4.400000e+001
6.990000e+001,4.400000e+001
6.992000e+001,4.500000e+001
6.994000e+001,5.400000e+001
6.996000e+001,3.600000e+001
6.998000e+001,4.200000e+001
7.000000e+001,4.900000e+001
7.002000e+001,3.600000e+001
7.004000e+001,4.200000e+001
7.006000e+001,3.300000e+001
7.008000e+001,5.000000e+001
7.010000e+001,4.100000e+001
7.012000e+001,4.100000e+001
7.014000e+001,4.400000e+001
7.016000e+001,4.100000e+001
7.018000e+001,4.400000e+001
7.020000e+001,5.400000e+001
7.022000e+001,4.000000e+001
7.024000e+001,3.200000e+001
7.026000e+001,3.900000e+001
7.028000e+001,3.900000e+001
7.030000e+001,3.500000e+001
7.032000e+001,4.300000e+001
7.034000e+001,4.300000e+001
7.036000e+001,2.800000e+001
7.038000e+001,4.800000e+001
7.040000e+001,3.900000e+001
7.042000e+001,3.400000e+001
7.044000e+001,3.200000e+001
7.046000e+001,3.400000e+001
7.048000e+001,5.000000e+001
7.050000e+001,3.900000e+001
7.052000e+001,3.800000e+001
7.054000e+001,3.100000e+001
7.056000e+001,4.100000e+001
7.058000e+001,3.500000e+001
7.060000e+001,3.400000e+001
7.062000e+001,3.100000e+001
7.064000e+001,3.100000e+001
7.066000e+001,3.500000e+001
7.068000e+001,3.600000e+001
7.070000e+001,3.600000e+001
7.072000e+001,4.100000e+001
7.074000e+001,3.000000e+001
7.076000e+001,3.600000e+001
7.078000e+001,3.700000e+001
7.080000e+001,2.900000e+001
7.082000e+001,3.500000e+001
7.084000e+001,2.700000e+001
7.086000e+001,4.200000e+001
7.088000e+001,3.800000e+001
7.090000e+001,2.900000e+001
7.092000e+001,4.800000e+001
7.094000e+001,3.000000e+001
7.096000e+001,3.500000e+001
7.098000e+001,3.600000e+001
7.100000e+001,3.700000e+001
7.102000e+001,3.500000e+001
7.104000e+001,3.300000e+001
7.106000e+001,2.800000e+001
7.108000e+001,3.000000e+001
7.110000e+001,3.800000e+001
7.112000e+001,3.700000e+001
7.114000e+001,3.100000e+001
7.116000e+001,2.500000e+001
7.118000e+001,3.800000e+001
7.120000e+001,3.900000e+001
7.122000e+001,2.800000e+001
7.124000e+001,3.100000e+001
7.126000e+001,2.400000e+001
7.128000e+001,3.500000e+001
7.130000e+001,4.400000e+001
7.132000e+001,3.300000e+001
7.134000e+001,2.700000e+001
7.136000e+001,3.400000e+001
7.138000e+001,2.600000e+001
7.140000e+001,3.400000e+001
7.142000e+001,3.300000e+001
7.144000e+001,2.000000e+001
7.146000e+001,2.500000e+001
7.148000e+001,2.700000e+001
7.150000e+001,2.600000e+001
7.152000e+001,2.400000e+001
7.154000e+001,3.100000e+001
7.156000e+001,2.500000e+001
7.158000e+001,2.900000e+001
7.160000e+001,3.500000e+001
7.162000e+001,2.700000e+001
7.164000e+001,2.200000e+001
7.166000e+001,3.700000e+001
7.168000e+001,2.600000e+001
7.170000e+001,4.400000e+001
7.172000e+001,3.700000e+001
7.174000e+001,4.300000e+001
7.176000e+001,3.600000e+001
7.178000e+001,3.200000e+001
7.180000e+001,2.900000e+001
7.182000e+001,2.200000e+001
7.184000e+001,3.300000e+001
7.186000e+001,3.900000e+001
7.188000e+001,2.700000e+001
7.190000e+001,3.100000e+001
7.192000e+001,3.400000e+001
7.194000e+001,2.600000e+001
7.196000e+001,2.700000e+001
7.198000e+001,2.800000e+001
7.200000e+001,3.000000e+001
7.202000e+001,2.400000e+001
7.204000e+001,2.500000e+001
7.206000e+001,3.400000e+001
7.208000e+001,2.400000e+001
7.210000e+001,2.800000e+001
7.212000e+001,3.200000e+001
7.214000e+001,2.500000e+001
7.216000e+001,3.300000e+001
7.218000e+001,3.200000e+001
7.220000e+001,3.300000e+001
7.222000e+001,3.700000e+001
7.224000e+001,2.700000e+001
7.226000e+001,3.000000e+001
7.228000e+001,3.500000e+001
7.230000e+001,3.000000e+001
7.232000e+001,3.000000e+001
7.234000e+001,4.000000e+001
7.236000e+001,4.100000e+001
7.238000e+001,3.900000e+001
7.240000e+001,4.200000e+001
7.242000e+001,3.900000e+001
7.244000e+001,5.000000e+001
7.246000e+001,4.000000e+001
7.248000e+001,5.000000e+001
7.250000e+001,5.300000e+001
7.252000e+001,5.200000e+001
7.254000e+001,4.800000e+001
7.256000e+001,4.500000e+001
7.258000e+001,4.600000e+001
7.260000e+001,4.400000e+001
7.262000e+001,5.000000e+001
7.264000e+001,4.900000e+001
7.266000e+001,4.400000e+001
7.268000e+001,6.300000e+001
7.270000e+001,4.300000e+001
7.272000e+001,5.100000e+001
7.274000e+001,3.300000e+001
7.276000e+001,3.900000e+001
7.278000e+001,4.100000e+001
7.280000e+001,3.400000e+001
7.282000e+001,3.400000e+001
7.284000e+001,3.400000e+001
7.286000e+001,3.200000e+001
7.288000e+001,2.800000e+001
7.290000e+001,2.700000e+001
7.292000e+001,3.100000e+001
7.294000e+001,3.300000e+001
7.296000e+001,3.300000e+001
7.298000e+001,4.400000e+001
7.300000e+001,4.100000e+001
7.302000e+001,2.900000e+001
7.304000e+001,3.400000e+001
7.306000e+001,2.700000e+001
7.308000e+001,2.600000e+001
7.310000e+001,3.000000e+001
7.312000e+001,3.400000e+001
7.314000e+001,2.900000e+001
7.316000e+001,3.000000e+001
7.318000e+001,2.600000e+001
7.320000e+001,3.300000e+001
7.322000e+001,3.400000e+001
7.324000e+001,2.800000e+001
7.326000e+001,2.200000e+001
7.328000e+001,3.000000e+001
7.330000e+001,3.100000e+001
7.332000e+001,2.500000e+001
7.334000e+001,2.800000e+001
7.336000e+001,2.500000e+001
7.338000e+001,3.200000e+001
7.340000e+001,2.400000e+001
7.342000e+001,2.800000e+001
7.344000e+001,3.300000e+001
7.346000e+001,3.000000e+001
7.348000e+001,2.900000e+001
7.350000e+001,4.600000e+001
7.352000e+001,2.500000e+001
7.354000e+001,2.700000e+001
7.356000e+001,2.500000e+001
7.358000e+001,2.500000e+001
7.360000e+001,2.600000e+001
7.362000e+001,2.600000e+001
7.364000e+001,2.900000e+001
7.366000e+001,3.900000e+001
7.368000e+001,2.700000e+001
7.370000e+001,2.100000e+001
7.372000e+001,2.700000e+001
7.374000e+001,3.200000e+001
7.376000e+001,3.400000e+001
7.378000e+001,2.500000e+001
7.380000e+001,3.000000e+001
7.382000e+001,2.200000e+001
7.384000e+001,3.000000e+001
7.386000e+001,3.200000e+001
7.388000e+001,3.200000e+001
7.390000e+001,3.100000e+001
7.392000e+001,3.400000e+001
7.394000e+001,3.200000e+001
7.396000e+001,3.400000e+001
7.398000e+001,2.100000e+001
7.400000e+001,2.500000e+001
7.402000e+001,2.400000e+001
7.404000e+001,4.200000e+001
7.406000e+001,1.700000e+001
7.408000e+001,3.000000e+001
7.410000e+001,3.500000e+001
7.412000e+001,2.800000e+001
7.414000e+001,2.800000e+001
7.416000e+001,2.300000e+001
7.418000e+001,3.700000e+001
7.420000e+001,3.000000e+001
7.422000e+001,2.700000e+001
7.424000e+001,2.600000e+001
7.426000e+001,3.200000e+001
7.428000e+001,2.900000e+001
7.430000e+001,2.200000e+001
7.432000e+001,3.500000e+001
7.434000e+001,2.800000e+001
7.436000e+001,2.900000e+001
7.438000e+001,2.700000e+001
7.440000e+001,4.200000e+001
7.442000e+001,3.100000e+001
7.444000e+001,3.200000e+001
7.446000e+001,2.800000e+001
7.448000e+001,3.400000e+001
7.450000e+001,3.200000e+001
7.452000e+001,2.300000e+001
7.454000e+001,2.100000e+001
7.456000e+001,2.400000e+001
7.458000e+001,3.100000e+001
7.460000e+001,2.100000e+001
7.462000e+001,3.300000e+001
7.464000e+001,3.300000e+001
7.466000e+001,2.100000e+001
7.468000e+001,3.100000e+001
7.470000e+001,3.100000e+001
7.472000e+001,2.800000e+001
7.474000e+001,3.300000e+001
7.476000e+001,2.300000e+001
7.478000e+001,2.800000e+001
7.480000e+001,2.200000e+001
7.482000e+001,2.800000e+001
7.484000e+001,3.000000e+001
7.486000e+001,2.800000e+001
7.488000e+001,3.100000e+001
7.490000e+001,3.800000e+001
7.492000e+001,2.700000e+001
7.494000e+001,2.600000e+001
7.496000e+001,2.100000e+001
7.498000e+001,3.300000e+001
7.500000e+001,2.400000e+001
7.502000e+001,2.600000e+001
7.504000e+001,2.900000e+001
7.506000e+001,1.700000e+001
7.508000e+001,2.400000e+001
7.510000e+001,3.100000e+001
7.512000e+001,3.200000e+001
7.514000e+001,3.000000e+001
7.516000e+001,2.300000e+001
7.518000e+001,2.500000e+001
7.520000e+001,3.400000e+001
7.522000e+001,3.200000e+001
7.524000e+001,1.700000e+001
7.526000e+001,2.500000e+001
7.528000e+001,2.900000e+001
7.530000e+001,2.800000e+001
7.532000e+001,1.200000e+001
7.534000e+001,3.200000e+001
7.536000e+001,2.500000e+001
7.538000e+001,2.500000e+001
7.540000e+001,2.600000e+001
7.542000e+001,2.400000e+001
7.544000e+001,2.900000e+001
7.546000e+001,1.900000e+001
7.548000e+001,2.200000e+001
7.550000e+001,2.500000e+001
7.552000e+001,1.800000e+001
7.554000e+001,4.000000e+001
7.556000e+001,2.000000e+001
7.558000e+001,2.400000e+001
7.560000e+001,1.700000e+001
7.562000e+001,2.600000e+001
7.564000e+001,2.500000e+001
7.566000e+001,2.600000e+001
7.568000e+001,2.700000e+001
7.570000e+001,1.700000e+001
7.572000e+001,1.900000e+001
7.574000e+001,2.300000e+001
7.576000e+001,2.000000e+001
7.578000e+001,1.800000e+001
7.580000e+001,1.900000e+001
7.582000e+001,2.000000e+001
7.584000e+001,2.000000e+001
7.586000e+001,2.800000e+001
7.588000e+001,3.000000e+001
7.590000e+001,3.000000e+001
7.592000e+001,2.900000e+001
7.594000e+001,2.300000e+001
7.596000e+001,2.100000e+001
7.598000e+001,2.500000e+001
7.600000e+001,2.400000e+001
7.602000e+001,3.100000e+001
7.604000e+001,2.700000e+001
7.606000e+001,2.200000e+001
7.608000e+001,3.700000e+001
7.610000e+001,2.300000e+001
7.612000e+001,2.100000e+001
7.614000e+001,2.400000e+001
7.616000e+001,2.200000e+001
7.618000e+001,2.900000e+001
7.620000e+001,2.800000e+001
7.622000e+001,3.100000e+001
7.624000e+001,2.500000e+001
7.626000e+001,2.900000e+001
7.628000e+001,2.200000e+001
7.630000e+001,2.400000e+001
7.632000e+001,2.900000e+001
7.634000e+001,2.400000e+001
7.636000e+001,3.600000e+001
7.638000e+001,3.500000e+001
7.640000e+001,3.200000e+001
7.642000e+001,1.800000e+001
7.644000e+001,2.900000e+001
7.646000e+001,3.100000e+001
7.648000e+001,2.900000e+001
7.650000e+001,2.400000e+001
7.652000e+001,2.900000e+001
7.654000e+001,3.300000e+001
7.656000e+001,3.000000e+001
7.658000e+001,2.300000e+001
7.660000e+001,3.400000e+001
7.662000e+001,3.700000e+001
7.664000e+001,2.800000e+001
7.666000e+001,3.500000e+001
7.668000e+001,3.500000e+001
7.670000e+001,4.000000e+001
7.672000e+001,2.900000e+001
7.674000e+001,3.900000e+001
7.676000e+001,3.200000e+001
7.678000e+001,4.300000e+001
7.680000e+001,4.500000e+001
7.682000e+001,4.300000e+001
7.684000e+001,3.600000e+001
7.686000e+001,4.400000e+001
7.688000e+001,4.700000e+001
7.690000e+001,4.300000e+001
7.692000e+001,4.700000e+001
7.694000e+001,4.100000e+001
7.696000e+001,6.000000e+001
7.698000e+001,5.100000e+001
7.700000e+001,4.600000e+001
7.702000e+001,4.200000e+001
7.704000e+001,4.300000e+001
7.706000e+001,4.300000e+001
7.708000e+001,3.500000e+001
7.710000e+001,4.600000e+001
7.712000e+001,5.800000e+001
7.714000e+001,3.900000e+001
7.716000e+001,4.800000e+001
7.718000e+001,3.200000e+001
7.720000e+001,4.400000e+001
7.722000e+001,4.700000e+001
7.724000e+001,5.000000e+001
7.726000e+001,3.100000e+001
7.728000e+001,3.600000e+001
7.730000e+001,3.900000e+001
7.732000e+001,3.500000e+001
7.734000e+001,3.200000e+001
7.736000e+001,3.900000e+001
7.738000e+001,3.200000e+001
7.740000e+001,3.800000e+001
7.742000e+001,3.500000e+001
7.744000e+001,2.900000e+001
7.746000e+001,2.800000e+001
7.748000e+001,3.500000e+001
7.750000e+001,2.700000e+001
7.752000e+001,3.700000e+001
7.754000e+001,2.500000e+001
7.756000e+001,2.400000e+001
7.758000e+001,3.400000e+001
7.760000e+001,3.300000e+001
7.762000e+001,2.200000e+001
7.764000e+001,3.000000e+001
7.766000e+001,3.700000e+001
7.768000e+001,2.800000e+001
7.770000e+001,2.300000e+001
7.772000e+001,3.100000e+001
7.774000e+001,2.300000e+001
7.776000e+001,2.500000e+001
7.778000e+001,3.100000e+001
7.780000e+001,3.000000e+001
7.782000e+001,1.600000e+001
7.784000e+001,2.400000e+001
7.786000e+001,3.000000e+001
7.788000e+001,3.600000e+001
7.790000e+001,3.400000e+001
7.792000e+001,2.800000e+001
7.794000e+001,3.600000e+001
7.796000e+001,2.700000e+001
7.798000e+001,2.800000e+001
7.800000e+001,3.300000e+001
7.802000e+001,3.400000e+001
7.804000e+001,2.300000e+001
7.806000e+001,3.100000e+001
7.808000e+001,2.100000e+001
7.810000e+001,3.500000e+001
7.812000e+001,3.700000e+001
7.814000e+001,3.200000e+001
7.816000e+001,3.000000e+001
7.818000e+001,2.500000e+001
7.820000e+001,1.900000e+001
7.822000e+001,3.200000e+001
7.824000e+001,1.700000e+001
7.826000e+001,2.400000e+001
7.828000e+001,2.100000e+001
7.830000e+001,2.100000e+001
7.832000e+001,1.700000e+001
7.834000e+001,2.500000e+001
7.836000e+001,2.700000e+001
7.838000e+001,2.300000e+001
7.840000e+001,2.000000e+001
7.842000e+001,2.700000e+001
7.844000e+001,2.700000e+001
7.846000e+001,2.200000e+001
7.848000e+001,2.200000e+001
7.850000e+001,3.000000e+001
7.852000e+001,2.600000e+001
7.854000e+001,3.500000e+001
7.856000e+001,2.700000e+001
7.858000e+001,2.700000e+001
7.860000e+001,2.800000e+001
7.862000e+001,2.300000e+001
7.864000e+001,3.100000e+001
7.866000e+001,1.800000e+001
7.868000e+001,2.500000e+001
7.870000e+001,3.200000e+001
7.872000e+001,2.900000e+001
7.874000e+001,2.700000e+001
7.876000e+001,2.700000e+001
7.878000e+001,2.600000e+001
7.880000e+001,1.700000e+001
7.882000e+001,2.700000e+001
7.884000e+001,2.800000e+001
7.886000e+001,2.700000e+001
7.888000e+001,2.500000e+001
7.890000e+001,2.300000e+001
7.892000e+001,2.700000e+001
7.894000e+001,2.900000e+001
7.896000e+001,3.000000e+001
7.898000e+001,2.400000e+001
7.900000e+001,2.000000e+001
7.902000e+001,2.800000e+001
7.904000e+001,2.400000e+001
7.906000e+001,2.800000e+001
7.908000e+001,2.300000e+001
7.910000e+001,2.200000e+001
7.912000e+001,2.200000e+001
7.914000e+001,2.900000e+001
7.916000e+001,3.600000e+001
7.918000e+001,2.500000e+001
7.920000e+001,2.300000e+001
7.922000e+001,3.200000e+001
7.924000e+001,2.900000e+001
7.926000e+001,3.300000e+001
7.928000e+001,3.000000e+001
7.930000e+001,2.800000e+001
7.932000e+001,2.700000e+001
7.934000e+001,3.000000e+001
7.936000e+001,2.900000e+001
7.938000e+001,3.400000e+001
7.940000e+001,3.200000e+001
7.942000e+001,2.600000e+001
7.944000e+001,3.100000e+001
7.946000e+001,2.000000e+001
7.948000e+001,2.500000e+001
7.950000e+001,2.500000e+001
7.952000e+001,2.100000e+001
7.954000e+001,3.400000e+001
7.956000e+001,3.600000e+001
7.958000e+001,3.000000e+001
7.960000e+001,2.800000e+001
7.962000e+001,2.800000e+001
7.964000e+001,2.700000e+001
7.966000e+001,2.000000e+001
7.968000e+001,2.400000e+001
7.970000e+001,3.100000e+001
7.972000e+001,2.700000e+001
7.974000e+001,2.300000e+001
7.976000e+001,2.400000e+001
7.978000e+001,3.200000e+001
7.980000e+001,2.200000e+001
7.982000e+001,2.400000e+001
7.984000e+001,2.800000e+001
7.986000e+001,2.700000e+001
7.988000e+001,3.000000e+001
7.990000e+001,3.100000e+001
7.992000e+001,1.900000e+001
7.994000e+001,3.100000e+001
7.996000e+001,3.100000e+001
7.998000e+001,2.900000e+001
8.000000e+001,1.800000e+001
